Xã/Phường,Quận/Huyện,Chủ đầu tư,Tên dự án,Diện tích (m²),Mức giá (triệu/m²),Số phòng ngủ (phòng),Số toilet (phòng),Pháp lý,Nội thất,Mã lịch sử giá
Dương Xá,Gia Lâm,Tập đoàn Vingroup,Vinhomes Ocean Park Gia Lâm,55.0,64.18181610107422,2.0,1.0,Đầy đủ,Cơ bản,M
Vĩnh Phúc,Ba Đình,Công ty CP đầu tư & xây dựng Ba Đình số 1,Khu nhà ở số 6 Đội Nhân,94.0,63.72340393066406,3.0,2.0,Đầy đủ,Cơ bản,N
Hoàng Văn Thụ,Hoàng Mai,Tập đoàn Lã Vọng,Louis City Hoàng Mai,95.0,289.47369384765625,6.0,6.0,Đầy đủ,Không nội thất,M
Mỹ Đình 1,Nam Từ Liêm,Tư nhân,Tư nhân,61.0,206.557373046875,18.0,18.0,Đầy đủ,Đầy đủ,M
Mỹ Đình 1,Nam Từ Liêm,Tư nhân,Tư nhân,43.0,220.93023681640625,9.0,9.0,Đầy đủ,Đầy đủ,M
Mai Dịch,Cầu Giấy,Tư nhân,Tư nhân,60.0,321.6666564941406,6.0,6.0,Đầy đủ,Đầy đủ,M
Đông Hội,Đông Anh,Tập đoàn Vingroup,Vinhomes Cổ Loa,62.0,85.48387145996094,2.0,2.0,Đầy đủ,Đầy đủ,N
Đông Hội,Đông Anh,Tập đoàn Vingroup,Vinhomes Cổ Loa,65.0,230.46153259277344,5.0,5.0,Đầy đủ,Không nội thất,N
Hoàng Liệt,Hoàng Mai,Công ty CP Tập đoàn Hưng Thịnh,Hà Nội Melody Residences,68.0,52.94117736816406,2.0,2.0,Hợp đồng mua bán,Đầy đủ,M
Hoàng Liệt,Hoàng Mai,Công ty CP Tập đoàn Hưng Thịnh,Hà Nội Melody Residences,74.0,52.70270156860352,2.0,2.0,Đầy đủ,Cơ bản,M
Lĩnh Nam,Hoàng Mai,Tư nhân,Tư nhân,35.0,159.42857360839844,5.0,4.0,Đầy đủ,Đầy đủ,M
Trâu Quỳ,Gia Lâm,Masterise Homes,The Lake,60.0,70.0,2.0,2.0,Đầy đủ,Đầy đủ,N
Quảng An,Tây Hồ,Tân Hoàng Minh Group,D’. Le Roi Soleil,146.0,94.24657440185548,3.0,2.0,Đầy đủ,Đầy đủ,M
Dương Xá,Gia Lâm,Tập đoàn Vingroup,Vinhomes Ocean Park Gia Lâm,55.0,46.3636360168457,2.0,1.0,Đầy đủ,Đầy đủ,M
Đa Tốn,Gia Lâm,Tập đoàn Vingroup,Vinhomes Ocean Park Gia Lâm,69.2,42.63005828857422,2.0,2.0,Đầy đủ,Cơ bản,M
Quảng An,Tây Hồ,Tân Hoàng Minh Group,D’. Le Roi Soleil,222.4,138.803955078125,4.0,3.0,Đầy đủ,Cao cấp,M
Tây Mỗ,Nam Từ Liêm,Tập đoàn Vingroup,Vinhomes Smart City,46.0,150.0,1.0,1.0,Đầy đủ,Không nội thất,Q
Dương Xá,Gia Lâm,Tập đoàn Vingroup,Vinhomes Ocean Park Gia Lâm,65.3,59.57120513916016,2.0,2.0,Đầy đủ,Đầy đủ,M
Ô Chợ Dừa,Đống Đa,Tư nhân,Tư nhân,120.0,495.0,20.0,20.0,Đầy đủ,Đầy đủ,M
Dương Xá,Gia Lâm,Tập đoàn Vingroup,Vinhomes Ocean Park Gia Lâm,74.0,47.29729843139648,3.0,2.0,Đầy đủ,Đầy đủ,M
Đông Ngạc,Bắc Từ Liêm,Công ty CP Tập đoàn Sunshine,Sunshine City,80.3,66.00248718261719,2.0,2.0,Đầy đủ,Đầy đủ,M
Dương Xá,Gia Lâm,Tập đoàn Vingroup,Vinhomes Ocean Park Gia Lâm,59.0,44.06779479980469,2.0,1.0,Đầy đủ,Đầy đủ,M
Hòa Thạch,Quốc Oai,Tư nhân,Tư nhân,2499.7,13.0,1.0,1.0,Đầy đủ,Cơ bản,N
Dương Nội,Hà Đông,Công ty CP Tập đoàn Nam Cường Hà Nội,An Quý Villa - KĐT Dương Nội,198.0,212.1212158203125,4.0,4.0,Đầy đủ,Không nội thất,Q
Phú Thượng,Tây Hồ,CapitaLand Development (Việt Nam),Heritage West Lake,180.0,119.83333587646484,4.0,4.0,Đầy đủ,Cơ bản,M
Phú Thượng,Tây Hồ,Kita Group,Kita Capital Ciputra,149.0,322.14764404296875,5.0,5.0,Đầy đủ,Không nội thất,N
Bồ Đề,Long Biên,Tư nhân,Tư nhân,50.0,256.0,4.0,5.0,Đầy đủ,Đầy đủ,M
Tây Mỗ,Nam Từ Liêm,Masterise Homes,Lumiere EverGreen,93.0,84.94623565673828,3.0,2.0,Hợp đồng mua bán,Đầy đủ,N
Đức Giang,Long Biên,Tư nhân,Tư nhân,61.1,232.4058990478516,6.0,4.0,Đầy đủ,Đầy đủ,M
Đa Tốn,Gia Lâm,Masterise Homes,Masteri Waterfront,54.0,73.14814758300781,2.0,2.0,Hợp đồng mua bán,Đầy đủ,M
Đông Hội,Đông Anh,Tập đoàn Vingroup,Vinhomes Cổ Loa,32.0,120.0,1.0,1.0,Đầy đủ,Đầy đủ,N
Đại Kim,Hoàng Mai,Tập đoàn Bitexco,The Manor Central Park,120.0,333.3333435058594,5.0,5.0,Đầy đủ,Đầy đủ,M
Dương Xá,Gia Lâm,Tập đoàn Vingroup,Vinhomes Ocean Park Gia Lâm,54.8,66.9708023071289,2.0,1.0,Hợp đồng mua bán,Đầy đủ,M
Phú Diễn,Bắc Từ Liêm,Công ty TNHH Thương mại - Quảng cáo - Xây dựng - Địa ốc Việt Hân,Goldmark City,110.0,60.0,3.0,2.0,Đầy đủ,Đầy đủ,M
Trung Hòa,Cầu Giấy,Tân Hoàng Minh Group,Vinhomes D'Capitale,112.0,79.46428680419922,2.0,2.0,Đầy đủ,Đầy đủ,M
Đại Kim,Hoàng Mai,Tập đoàn Bitexco,The Manor Central Park,128.0,312.5,5.0,7.0,Hợp đồng mua bán,Cơ bản,M
Hoàng Liệt,Hoàng Mai,Công ty CP Tập đoàn Hưng Thịnh,Hà Nội Melody Residences,68.0,63.67647171020508,2.0,2.0,Hợp đồng mua bán,Cao cấp,M
Phú Diễn,Bắc Từ Liêm,Công ty TNHH Thương mại - Quảng cáo - Xây dựng - Địa ốc Việt Hân,Goldmark City,121.0,61.98347091674805,3.0,2.0,Đầy đủ,Đầy đủ,M
Láng Thượng,Đống Đa,Tư nhân,Tư nhân,49.0,322.448974609375,15.0,15.0,Đầy đủ,Đầy đủ,M
Đa Tốn,Gia Lâm,Masterise Homes,Masteri Waterfront,80.0,61.875,3.0,2.0,Đầy đủ,Cơ bản,M
Nhân Chính,Thanh Xuân,Tư nhân,Tư nhân,231.0,199.1342010498047,36.0,37.0,Đầy đủ,Đầy đủ,M
Tây Mỗ,Nam Từ Liêm,Tập đoàn Vingroup,Vinhomes Smart City,60.0,55.0,2.0,2.0,Đầy đủ,Đầy đủ,M
Dương Xá,Gia Lâm,Tập đoàn Vingroup,Vinhomes Ocean Park Gia Lâm,288.0,211.11111450195312,5.0,3.0,Đầy đủ,Không nội thất,M
Hoàng Liệt,Hoàng Mai,Công ty CP Tập đoàn Hưng Thịnh,Hà Nội Melody Residences,66.0,70.0,2.0,2.0,Hợp đồng mua bán,Cơ bản,M
Đông Hội,Đông Anh,Tập đoàn Vingroup,Vinhomes Cổ Loa,62.5,224.0,5.0,5.0,Hợp đồng mua bán,Không nội thất,N
Tây Mỗ,Nam Từ Liêm,Tư nhân,Tư nhân,30.0,166.6666717529297,3.0,5.0,Đầy đủ,Cơ bản,M
Mễ Trì,Nam Từ Liêm,Công ty Cổ phần Đầu tư Mai Linh,The Matrix One,78.0,90.0,2.0,2.0,Đầy đủ,Đầy đủ,M
Vĩnh Tuy,Hai Bà Trưng,Công ty CP Tập đoàn Sunshine,Sunshine Garden,108.0,55.55555725097656,3.0,2.0,Hợp đồng mua bán,Cơ bản,M
Đa Tốn,Gia Lâm,Masterise Homes,Masteri Waterfront,35.0,91.42857360839844,1.0,1.0,Hợp đồng mua bán,Cơ bản,M
Đông Hội,Đông Anh,Tập đoàn Vingroup,Vinhomes Cổ Loa,62.0,241.93548583984372,6.0,6.0,Đầy đủ,Cơ bản,N
Đông Hội,Đông Anh,Tập đoàn Vingroup,Vinhomes Cổ Loa,31.0,95.80644989013672,1.0,1.0,Đầy đủ,Cơ bản,N
Đa Tốn,Gia Lâm,Masterise Homes,Masteri Waterfront,67.7,60.1181755065918,2.0,2.0,Hợp đồng mua bán,Cơ bản,M
Yên Hòa,Cầu Giấy,Công ty CP Đầu tư Văn Phú - Invest,Home City Trung Kính,70.52,82.24617767333984,2.0,2.0,Đầy đủ,Đầy đủ,M
Trung Hòa,Cầu Giấy,Tân Hoàng Minh Group,Vinhomes D'Capitale,72.0,90.27777862548828,2.0,2.0,Đầy đủ,Cơ bản,M
Phú Thượng,Tây Hồ,Kita Group,Kita Capital Ciputra,149.0,422.81878662109375,4.0,5.0,Đầy đủ,Không nội thất,N
Kim Chung,Hoài Đức,Tư nhân,Tư nhân,80.0,187.5,25.0,25.0,Đầy đủ,Cơ bản,M
Phúc Đồng,Long Biên,Công ty CP Tập đoàn Sunshine,Sunshine Green Iconic,74.0,72.97297668457031,2.0,2.0,Hợp đồng mua bán,Đầy đủ,Q
Đông Ngạc,Bắc Từ Liêm,Công ty CP Tập đoàn Sunshine,Sunshine City,98.0,63.26530456542969,3.0,2.0,Đầy đủ,Cơ bản,M
Đại Kim,Hoàng Mai,Tập đoàn Bitexco,The Manor Central Park,128.0,312.5,5.0,5.0,Hợp đồng mua bán,Không nội thất,M
Phú Thượng,Tây Hồ,Công ty CP Tập đoàn Sunshine,Sunshine Golden River,160.0,87.5,3.0,2.0,Hợp đồng mua bán,Cao cấp,Q
La Khê,Hà Đông,Công ty CP Sông Đà Thăng Long,Khu đô thị Văn Khê,82.5,212.1212158203125,4.0,4.0,Đầy đủ,Cơ bản,M
Vĩnh Tuy,Hai Bà Trưng,Tập đoàn Vingroup,Vinhomes Times City - Park Hill,200.0,129.0,4.0,3.0,Đầy đủ,Đầy đủ,M
Mỗ Lao,Hà Đông,Công ty TSQ Việt Nam,Làng Việt Kiều Châu Âu Euroland,253.0,260.0,5.0,4.0,Đầy đủ,Đầy đủ,M
Cát Linh,Đống Đa,Tư nhân,Tư nhân,30.0,205.0,3.0,4.0,Đầy đủ,Cơ bản,M
Phúc Lợi,Long Biên,Tư nhân,Tư nhân,30.0,145.0,5.0,4.0,Đầy đủ,Cơ bản,M
Mỹ Đình 2,Nam Từ Liêm,HD Mon Holdings,The Zei Mỹ Đình,107.0,84.11215209960938,3.0,2.0,Đầy đủ,Đầy đủ,M
Yên Hòa,Cầu Giấy,Tư nhân,Tư nhân,40.0,310.0,3.0,5.0,Đầy đủ,Đầy đủ,M
Dương Xá,Gia Lâm,CapitaLand Development (Việt Nam),Chung cư The Senique Hanoi,54.0,87.03704071044922,2.0,2.0,Đầy đủ,Đầy đủ,N
Trung Văn,Nam Từ Liêm,Công ty CP Đầu tư - Xây dựng Hà Nội,Khu đô thị Trung Văn - Hancic,120.0,50.0,2.0,2.0,Đầy đủ,Cao cấp,Q
Quảng An,Tây Hồ,Tân Hoàng Minh Group,D’. Le Roi Soleil,111.0,115.76576232910156,3.0,3.0,Đầy đủ,Không nội thất,M
Hoàng Văn Thụ,Hoàng Mai,Tư nhân,Tư nhân,35.0,177.14285278320312,4.0,4.0,Đầy đủ,Đầy đủ,M
Xuân La,Tây Hồ,Công ty TNHH Phát triển T.H.T,KĐT Tây Hồ Tây - Starlake Hà Nội,195.5,590.0,5.0,5.0,Đầy đủ,Cơ bản,Q
An Khánh,Hoài Đức,Tập đoàn Vingroup,Vinhomes Thăng Long,93.5,171.1230010986328,5.0,6.0,Đầy đủ,Đầy đủ,M
Quang Minh,Mê Linh,Công Ty CP Đầu Tư Xây dựng Long Việt,Long Việt Riverside,70.0,127.14286041259766,6.0,4.0,Hợp đồng mua bán,Đầy đủ,Q
Phú La,Hà Đông,Công ty CP Đầu tư Văn Phú - Invest,Khu đô thị mới Văn Phú,96.0,166.6666717529297,4.0,4.0,Đầy đủ,Không nội thất,M
Thành Công,Ba Đình,Tư nhân,Tư nhân,100.0,42.59999847412109,3.0,2.0,Đầy đủ,Đầy đủ,N
Dự án The Golden An Khánh,Hoài Đức,Công ty CP Sông Đà - Hoàng Long,The Golden An Khánh,60.0,53.33333206176758,2.0,2.0,Đầy đủ,Đầy đủ,M
Vĩnh Quỳnh,Thanh Trì,Tư nhân,Tư nhân,90.0,65.0,5.0,4.0,Đầy đủ,Cơ bản,M
Chùa Láng,Đống Đa,Tư nhân,Tư nhân,42.0,290.4761962890625,6.0,4.0,Đầy đủ,Đầy đủ,M
Đông Hội,Đông Anh,Công ty CP Eurowindow Holding,Eurowindow River Park,85.0,48.82352828979492,3.0,2.0,Đầy đủ,Đầy đủ,M
Trung Văn,Nam Từ Liêm,Công ty CP Đầu tư Xây dựng Hạ tầng và Giao Thông,Tòa nhà Intracom1 - Trung Văn,96.5,50.0,3.0,2.0,Đầy đủ,Đầy đủ,Q
Đông La,Hoài Đức,Tư nhân,Tư nhân,162.0,98.76543426513672,2.0,1.0,Đầy đủ,Đầy đủ,N
Tây Mỗ,Nam Từ Liêm,Tập đoàn Vingroup,The Sapphire-Vinhomes Smart City,54.8,53.83211898803711,2.0,2.0,Đầy đủ,Cao cấp,N
Đông Hội,Đông Anh,Công ty CP Eurowindow Holding,Eurowindow River Park,85.3,49.23798370361328,3.0,2.0,Hợp đồng mua bán,Cơ bản,M
Hàng Bột,Đống Đa,Tư nhân,Tư nhân,32.0,240.0,4.0,5.0,Đầy đủ,Cao cấp,M
Láng Hạ,Đống Đa,HD Mon Holdings,Hải Đăng Tower,106.2,135.0,3.0,2.0,Đầy đủ,Đầy đủ,N
Dương Xá,Gia Lâm,Tập đoàn Vingroup,Vinhomes Ocean Park Gia Lâm,55.0,65.45454406738281,2.0,1.0,Đầy đủ,Cơ bản,M
Đại Mỗ,Nam Từ Liêm,Tập đoàn Vingroup,Vinhomes Green Villas,474.0,143.4599151611328,5.0,5.0,Đầy đủ,Đầy đủ,M
Thạch Bàn,Long Biên,Tư nhân,Tư nhân,36.0,173.61111450195312,3.0,5.0,Đầy đủ,Cơ bản,M
Đức Giang,Long Biên,Tư nhân,Tư nhân,56.0,136.60714721679688,4.0,3.0,Đầy đủ,Cơ bản,M
Thịnh Quang,Đống Đa,Tư nhân,Tư nhân,55.0,34.181819915771484,2.0,1.0,Đầy đủ,Đầy đủ,N
Quảng An,Tây Hồ,Tân Hoàng Minh Group,D’. Le Roi Soleil,234.0,129.35897827148438,4.0,4.0,Đầy đủ,Cơ bản,M
Bồ Đề,Long Biên,Tư nhân,Tư nhân,95.0,147.36842346191406,4.0,5.0,Đầy đủ,Đầy đủ,M
Đội Cấn,Ba Đình,Tư nhân,Tư nhân,86.0,313.9534912109375,6.0,6.0,Đầy đủ,Đầy đủ,M
Di Trạch,Hoài Đức,Công ty Vietracimex,Chung cư The Wisteria,100.0,59.0,3.0,2.0,Hợp đồng mua bán,Cơ bản,N
Mỹ Đình 1,Nam Từ Liêm,Tư nhân,Tư nhân,114.0,250.0,4.0,4.0,Đầy đủ,Cơ bản,M
Trung Liệt,Đống Đa,Tư nhân,Tư nhân,48.0,129.1666717529297,4.0,3.0,Đầy đủ,Đầy đủ,M
Long Biên,Long Biên,Tư nhân,Tư nhân,40.3,150.1240692138672,4.0,3.0,Đầy đủ,Cơ bản,M
Phú Thượng,Tây Hồ,Công ty TNHH phát triển khu đô thị Nam Thăng Long,Khu đô thị Nam Thăng Long - Ciputra,180.0,295.0,4.0,4.0,Đầy đủ,Đầy đủ,M
Yết Kiêu,Hà Đông,Tư nhân,Tư nhân,60.0,296.6666564941406,5.0,7.0,Đầy đủ,Đầy đủ,Q
Kiến Hưng,Hà Đông,Công ty CP Vinaconex 21,Lucky House Kiến Hưng,70.0,43.57143020629883,2.0,2.0,Đầy đủ,Đầy đủ,Q
Mỹ Đình 1,Nam Từ Liêm,Tập đoàn Vingroup,Vinhomes Skylake,100.0,91.0,3.0,2.0,Đầy đủ,Đầy đủ,M
Trung Hòa,Cầu Giấy,Tổng Công ty Viglacera,Thăng Long Number One,112.0,58.0,3.0,2.0,Đầy đủ,Đầy đủ,M
Tân Triều,Thanh Trì,Tư nhân,Tư nhân,64.7,100.46368408203124,3.0,4.0,Đầy đủ,Đầy đủ,M
Dịch Vọng,Cầu Giấy,Công ty Cổ phần Tập đoàn FLC,Bamboo Airways Tower,125.4,84.52950286865234,3.0,2.0,Hợp đồng mua bán,Cơ bản,Q
Việt Hưng,Long Biên,Tư nhân,Tư nhân,60.0,146.6666717529297,1.0,1.0,Đầy đủ,Không nội thất,M
Cổ Nhuế 1,Bắc Từ Liêm,Công ty CP Đầu tư và Xây dựng Quốc tế Vigeba,Thành phố Giao Lưu,170.0,390.0,5.0,4.0,Đầy đủ,Đầy đủ,M
Đa Tốn,Gia Lâm,Tập đoàn Vingroup,Vinhomes Ocean Park Gia Lâm,43.0,55.58139419555664,2.0,1.0,Đầy đủ,Đầy đủ,M
Đại Mỗ,Nam Từ Liêm,Tập đoàn Lã Vọng,Louis City,100.0,225.0,6.0,5.0,Đầy đủ,Không nội thất,N
Mỹ Đình 1,Nam Từ Liêm,Công ty Cổ phần bất động sản Mỹ Đình,The Emerald,90.0,73.33333587646484,3.0,2.0,Đầy đủ,Đầy đủ,M
Dương Nội,Hà Đông,Công ty CP Đầu tư Đô thị An Hưng,Khu đô thị mới An Hưng,306.0,199.34640502929688,6.0,5.0,Đầy đủ,Cơ bản,M
Đông Hội,Đông Anh,Tập đoàn Vingroup,Vinhomes Cổ Loa,60.0,108.33333587646484,2.0,2.0,Hợp đồng mua bán,Đầy đủ,N
Dương Nội,Hà Đông,Công ty CP Tập đoàn Nam Cường Hà Nội,An Quý Villa - KĐT Dương Nội,180.0,205.55555725097656,5.0,5.0,Đầy đủ,Không nội thất,Q
Dương Xá,Gia Lâm,CapitaLand Development (Việt Nam),Chung cư The Senique Hanoi,43.0,79.53488159179688,1.0,1.0,Hợp đồng mua bán,Đầy đủ,N
Dịch Vọng Hậu,Cầu Giấy,Tư nhân,Tư nhân,66.8,505.8382873535156,7.0,10.0,Đầy đủ,Cơ bản,M
Thanh Liệt,Thanh Trì,Tư nhân,Tư nhân,68.0,110.29412078857422,3.0,3.0,Đầy đủ,Không nội thất,M
Nghĩa Đô,Cầu Giấy,Tư nhân,Tư nhân,95.0,336.84210205078125,4.0,4.0,Đầy đủ,Đầy đủ,M
Liễu Giai,Ba Đình,Tư nhân,Tư nhân,70.0,354.28570556640625,5.0,6.0,Đầy đủ,Đầy đủ,M
Cổ Nhuế 1,Bắc Từ Liêm,Công ty CP Ngôi sao An Bình,Green Stars,66.8,60.62874221801758,2.0,2.0,Đầy đủ,Đầy đủ,M
Cổ Nhuế 1,Bắc Từ Liêm,Công ty CP Xuất nhập khẩu tổng hợp Hà Nội - Geleximco,An Bình City,90.0,63.33333206176758,3.0,2.0,Đầy đủ,Đầy đủ,M
Cầu Diễn,Nam Từ Liêm,Tập đoàn Vingroup,Vinhomes Gardenia,79.0,72.15190124511719,2.0,2.0,Đầy đủ,Cơ bản,M
Vĩnh Phúc,Ba Đình,Tư nhân,Tư nhân,50.0,320.0,6.0,4.0,Đầy đủ,Đầy đủ,M
Đại Kim,Hoàng Mai,Tập đoàn Bitexco,The Manor Central Park,200.0,340.0,6.0,6.0,Đầy đủ,Đầy đủ,M
Thanh Lương,Hai Bà Trưng,Tư nhân,Tư nhân,40.0,165.0,4.0,3.0,Đầy đủ,Đầy đủ,M
Khâm Thiên,Đống Đa,Tư nhân,Tư nhân,48.0,495.8333435058594,5.0,5.0,Đầy đủ,Cơ bản,M
La Khê,Hà Đông,Công ty CP Phát triển Đô thị Quốc tế Việt Nam,ParkCity Hà Nội,360.0,277.7777709960937,6.0,5.0,Hợp đồng mua bán,Đầy đủ,M
Tây Mỗ,Nam Từ Liêm,Tập đoàn Vingroup,The Sapphire-Vinhomes Smart City,42.9,60.60606002807617,1.0,1.0,Đầy đủ,Cơ bản,N
Tây Mỗ,Nam Từ Liêm,Tập đoàn Vingroup,The Sapphire-Vinhomes Smart City,55.0,52.727272033691406,2.0,1.0,Đầy đủ,Đầy đủ,N
Tây Mỗ,Nam Từ Liêm,Tập đoàn Vingroup,The Sapphire-Vinhomes Smart City,54.7,54.8446044921875,2.0,1.0,Đầy đủ,Đầy đủ,N
Giảng Võ,Ba Đình,Công ty CP Tập đoàn Trung Thủy,Lancaster Hà Nội,126.0,86.0,3.0,2.0,Đầy đủ,Đầy đủ,M
Cổ Nhuế 1,Bắc Từ Liêm,Công ty CP Ngôi sao An Bình,Green Stars,102.0,56.86274337768555,3.0,2.0,Đầy đủ,Đầy đủ,M
Cổ Nhuế 1,Bắc Từ Liêm,Công ty CP Xuất nhập khẩu tổng hợp Hà Nội - Geleximco,An Bình City,90.0,64.44444274902344,3.0,2.0,Đầy đủ,Đầy đủ,M
Đội Cấn,Ba Đình,Tư nhân,Tư nhân,42.0,185.7142791748047,3.0,4.0,Đầy đủ,Đầy đủ,M
Phú Thượng,Tây Hồ,Công ty TNHH phát triển khu đô thị Nam Thăng Long,Khu đô thị Nam Thăng Long - Ciputra,123.0,51.219512939453125,3.0,2.0,Đầy đủ,Đầy đủ,M
Phú Diễn,Bắc Từ Liêm,Công ty TNHH Thương mại - Quảng cáo - Xây dựng - Địa ốc Việt Hân,Goldmark City,78.0,61.53845977783203,2.0,2.0,Đầy đủ,Đầy đủ,M
Cầu Diễn,Nam Từ Liêm,Tập đoàn Vingroup,Vinhomes Gardenia,80.0,72.5,2.0,2.0,Đầy đủ,Đầy đủ,M
Vĩnh Tuy,Hai Bà Trưng,Công ty CP Tập đoàn Sunshine,Sunshine Garden,141.0,55.319149017333984,5.0,2.0,Đầy đủ,Cơ bản,M
Dương Nội,Hà Đông,Công ty CP Tập đoàn Nam Cường Hà Nội,Solasta Mansion Dương Nội,212.0,160.0,4.0,5.0,Đầy đủ,Không nội thất,N
Mỹ Đình 2,Nam Từ Liêm,HD Mon Holdings,The Zei Mỹ Đình,92.0,78.26087188720703,2.0,2.0,Đầy đủ,Đầy đủ,M
Cầu Diễn,Nam Từ Liêm,Tập đoàn Vingroup,Vinhomes Gardenia,80.0,76.25,2.0,2.0,Đầy đủ,Đầy đủ,M
Xuân La,Tây Hồ,Tư nhân,Tư nhân,51.0,480.3921508789063,6.0,7.0,Đầy đủ,Đầy đủ,M
Thượng Đình,Thanh Xuân,Tập đoàn Vingroup,Royal City,109.0,72.47706604003906,2.0,2.0,Đầy đủ,Cơ bản,M
La Khê,Hà Đông,Công ty CP Đầu tư Hải Phát,HPC Landmark 105,118.0,42.37288284301758,3.0,3.0,Đầy đủ,Đầy đủ,M
Yên Hòa,Cầu Giấy,Công ty CP tập đoàn đầu tư và xây dựng H.O.U.S.I.N.G,Tòa nhà Housing,60.0,146.6666717529297,4.0,3.0,Đầy đủ,Đầy đủ,N
Dương Nội,Hà Đông,Công ty CP Tập đoàn Nam Cường Hà Nội,Solasta Mansion Dương Nội,170.0,158.8235321044922,5.0,5.0,Đầy đủ,Không nội thất,N
Ngọc Lâm,Long Biên,Tư nhân,Tư nhân,52.0,136.53846740722656,4.0,4.0,Đầy đủ,Đầy đủ,M
Trung Hòa,Cầu Giấy,Tư nhân,Tư nhân,40.0,360.0,3.0,4.0,Đầy đủ,Đầy đủ,M
Phú Thượng,Tây Hồ,Công ty TNHH phát triển khu đô thị Nam Thăng Long,Khu đô thị Nam Thăng Long - Ciputra,121.0,51.23966979980469,3.0,2.0,Đầy đủ,Đầy đủ,M
Dương Xá,Gia Lâm,Tập đoàn Vingroup,Vinhomes Ocean Park Gia Lâm,52.0,47.11538314819336,1.0,1.0,Đầy đủ,Cơ bản,M
La Khê,Hà Đông,Công ty CP Phát triển Đô thị Quốc tế Việt Nam,Park Kiara,82.0,91.46341705322266,2.0,2.0,Đầy đủ,Cơ bản,M
Hoàng Liệt,Hoàng Mai,Công ty CP Tập đoàn Hưng Thịnh,Hà Nội Melody Residences,80.0,60.0,2.0,2.0,Đầy đủ,Cơ bản,M
Dương Xá,Gia Lâm,Tập đoàn Vingroup,Vinhomes Ocean Park Gia Lâm,69.2,44.79769134521485,2.0,2.0,Đầy đủ,Đầy đủ,M
Tương Mai,Hoàng Mai,Tư nhân,Tư nhân,52.6,199.61978149414065,12.0,12.0,Đầy đủ,Đầy đủ,M
Trung Hòa,Cầu Giấy,Tư nhân,Tư nhân,128.0,644.53125,5.0,4.0,Đầy đủ,Đầy đủ,M
Thạch Bàn,Long Biên,Tư nhân,Tư nhân,35.0,157.14285278320312,3.0,4.0,Đầy đủ,Cơ bản,M
Mỹ Đình 2,Nam Từ Liêm,HD Mon Holdings,The Zei Mỹ Đình,106.3,88.05268096923828,3.0,2.0,Đầy đủ,Đầy đủ,M
Mỹ Đình 2,Nam Từ Liêm,HD Mon Holdings,The Zei Mỹ Đình,107.8,89.14656829833984,3.0,2.0,Đầy đủ,Đầy đủ,M
Thượng Đình,Thanh Xuân,Tập đoàn Vingroup,Royal City,145.0,75.86206817626953,3.0,3.0,Đầy đủ,Đầy đủ,M
Đồng Mai,Hà Đông,Tư nhân,Tư nhân,35.0,80.0,4.0,3.0,Đầy đủ,Cơ bản,M
Bồ Đề,Long Biên,Tư nhân,Tư nhân,48.0,179.1666717529297,4.0,4.0,Đầy đủ,Đầy đủ,M
Phú Thượng,Tây Hồ,Công ty CP Tập đoàn Sunshine,Sunshine Riverside,95.0,68.42105102539062,3.0,2.0,Đầy đủ,Cơ bản,M
Cầu Diễn,Nam Từ Liêm,Vimefulland,Iris Garden,62.0,72.58064270019531,2.0,2.0,Đầy đủ,Đầy đủ,M
Tây Mỗ,Nam Từ Liêm,Tập đoàn Vingroup,The Miami,74.8,56.14973068237305,3.0,2.0,Đầy đủ,Cao cấp,M
Phú Diễn,Bắc Từ Liêm,Công ty TNHH Thương mại - Quảng cáo - Xây dựng - Địa ốc Việt Hân,Goldmark City,134.5,66.91449737548828,3.0,2.0,Đầy đủ,Đầy đủ,M
Phú Thượng,Tây Hồ,Công ty CP Tập đoàn Sunshine,Sunshine Golden River,142.0,98.591552734375,3.0,2.0,Hợp đồng mua bán,Cơ bản,Q
Phú Thượng,Tây Hồ,Công ty TNHH phát triển khu đô thị Nam Thăng Long,Khu đô thị Nam Thăng Long - Ciputra,180.0,295.0,5.0,4.0,Đầy đủ,Đầy đủ,M
Dương Xá,Gia Lâm,Tập đoàn Vingroup,Vinhomes Ocean Park Gia Lâm,42.5,60.47058868408203,1.0,1.0,Đầy đủ,Cơ bản,M
Đông Hội,Đông Anh,Công ty CP Eurowindow Holding,Eurowindow River Park,68.6,52.47813415527344,2.0,2.0,Hợp đồng mua bán,Đầy đủ,M
Mai Động,Hoàng Mai,Tư nhân,Tư nhân,115.0,169.56521606445312,5.0,5.0,Đầy đủ,Đầy đủ,M
Ngọc Khánh,Ba Đình,Tập đoàn Vingroup,Vinhomes Metropolis - Liễu Giai,78.09,99.88475036621094,2.0,2.0,Đầy đủ,Cao cấp,M
Mỹ Đình 2,Nam Từ Liêm,HD Mon Holdings,The Zei Mỹ Đình,92.0,81.52173614501953,2.0,2.0,Đầy đủ,Không nội thất,M
Ngọc Khánh,Ba Đình,Tập đoàn Vingroup,Vinhomes Metropolis - Liễu Giai,146.0,164.38356018066406,4.0,3.0,Đầy đủ,Đầy đủ,M
Dương Nội,Hà Đông,Công ty CP Tập đoàn Nam Cường Hà Nội,Khu đô thị mới Dương Nội,75.0,174.6666717529297,4.0,4.0,Đầy đủ,Không nội thất,M
Hàng Bột,Đống Đa,Tư nhân,Tư nhân,35.4,353.1073303222656,4.0,5.0,Đầy đủ,Cơ bản,M
Phú Thượng,Tây Hồ,Công ty TNHH phát triển khu đô thị Nam Thăng Long,Khu đô thị Nam Thăng Long - Ciputra,121.0,49.58677673339844,3.0,2.0,Đầy đủ,Đầy đủ,M
Cầu Diễn,Nam Từ Liêm,Vimefulland,Iris Garden,135.0,55.55555725097656,3.0,2.0,Đầy đủ,Đầy đủ,M
Tiến Xuân,Thạch Thất,Công ty TNHH Bất Động Sản Xuân Cầu,Xanh Villas,300.0,55.0,4.0,4.0,Đầy đủ,Đầy đủ,M
Tây Mỗ,Nam Từ Liêm,Masterise Homes,Masteri West Heights,43.0,69.76744079589844,1.0,1.0,Hợp đồng mua bán,Cơ bản,M
Phú Diễn,Bắc Từ Liêm,Công ty TNHH Thương mại - Quảng cáo - Xây dựng - Địa ốc Việt Hân,Goldmark City,130.0,48.46154022216797,3.0,4.0,Đầy đủ,Cơ bản,M
Hoàng Liệt,Hoàng Mai,Công ty CP Tập đoàn Hưng Thịnh,Hà Nội Melody Residences,68.0,55.882354736328125,2.0,2.0,Đầy đủ,Cơ bản,M
Phú Thượng,Tây Hồ,Công ty TNHH phát triển khu đô thị Nam Thăng Long,Khu đô thị Nam Thăng Long - Ciputra,246.0,380.081298828125,4.0,4.0,Đầy đủ,Đầy đủ,M
Điện Biên,Ba Đình,Tư nhân,Tư nhân,40.0,212.5,2.0,2.0,Đầy đủ,Đầy đủ,M
Trung Liệt,Đống Đa,Tư nhân,Tư nhân,60.0,49.66666793823242,2.0,1.0,Đầy đủ,Cơ bản,N
Xuân Đỉnh,Bắc Từ Liêm,Vimefulland,Jade Square,128.0,250.0,6.0,6.0,Đầy đủ,Cơ bản,M
Yên Hòa,Cầu Giấy,Tư nhân,Tư nhân,63.0,579.3650512695312,5.0,7.0,Đầy đủ,Đầy đủ,M
Phú Thượng,Tây Hồ,Công ty CP Tập đoàn Sunshine,Sunshine Golden River,141.0,88.65248107910156,3.0,2.0,Hợp đồng mua bán,Cao cấp,Q
Phú Thượng,Tây Hồ,Công ty CP Tập đoàn Sunshine,Sunshine Riverside,65.0,73.84615325927734,2.0,2.0,Đầy đủ,Đầy đủ,M
Tiến Xuân,Thạch Thất,Công ty TNHH Bất Động Sản Xuân Cầu,Xanh Villas,200.0,62.0,4.0,4.0,Chưa có,Không nội thất,M
Dương Nội,Hà Đông,Công ty CP Tập đoàn Nam Cường Hà Nội,An Quý Villa - KĐT Dương Nội,235.0,160.425537109375,5.0,5.0,Đầy đủ,Không nội thất,Q
Yên Nghĩa,Hà Đông,Tư nhân,Tư nhân,34.0,102.94117736816406,5.0,4.0,Đầy đủ,Cơ bản,M
Thạch Bàn,Long Biên,Tư nhân,Tư nhân,38.0,171.05262756347656,3.0,4.0,Đầy đủ,Cơ bản,M
Long Biên,Long Biên,Tư nhân,Tư nhân,40.0,156.25,3.0,3.0,Đầy đủ,Đầy đủ,M
Phú Diễn,Bắc Từ Liêm,Công ty TNHH Thương mại - Quảng cáo - Xây dựng - Địa ốc Việt Hân,Goldmark City,129.0,68.44961547851562,3.0,2.0,Đầy đủ,Đầy đủ,M
Đông Hội,Đông Anh,Tập đoàn Vingroup,Vinhomes Cổ Loa,52.0,85.57691955566406,1.0,1.0,Hợp đồng mua bán,Đầy đủ,N
Phú Thượng,Tây Hồ,Kita Group,Kita Capital Ciputra,140.0,328.5714416503906,4.0,5.0,Đầy đủ,Không nội thất,N
Mỹ Đình 1,Nam Từ Liêm,Tập đoàn Vingroup,Vinhomes Skylake,144.0,106.25,4.0,3.0,Đầy đủ,Đầy đủ,M
Tây Mỗ,Nam Từ Liêm,Tập đoàn Vingroup,Vinhomes Smart City,55.0,60.0,2.0,1.0,Đầy đủ,Đầy đủ,M
Đại Kim,Hoàng Mai,Tập đoàn Bitexco,The Manor Central Park,255.0,280.0,6.0,6.0,Đầy đủ,Cơ bản,M
Dương Nội,Hà Đông,Công ty CP Xuất nhập khẩu tổng hợp Hà Nội - Geleximco,Khu đô thị Geleximco - Lê Trọng Tấn,75.0,226.6666717529297,6.0,5.0,Đầy đủ,Không nội thất,M
Láng Thượng,Đống Đa,Tư nhân,Tư nhân,68.0,155.88235473632812,6.0,5.0,Đầy đủ,Đầy đủ,M
Mỗ Lao,Hà Đông,Công ty TSQ Việt Nam,Làng Việt Kiều Châu Âu Euroland,508.0,303.14959716796875,6.0,6.0,Đầy đủ,Không nội thất,M
Phú Thượng,Tây Hồ,Công ty CP Tập đoàn Sunshine,Sunshine Riverside,88.0,73.86363983154297,3.0,2.0,Đầy đủ,Cao cấp,M
Cống Vị,Ba Đình,Tư nhân,Tư nhân,80.0,250.0,7.0,4.0,Đầy đủ,Cơ bản,M
Cầu Diễn,Nam Từ Liêm,Công ty CP Đầu tư & Phát triển Hạ tầng Hoàng Thành,Hoàng Thành Pearl,81.0,72.83950805664062,2.0,2.0,Hợp đồng mua bán,Cao cấp,M
Ngọc Khánh,Ba Đình,Tập đoàn Vingroup,Vinhomes Metropolis - Liễu Giai,130.0,135.38461303710938,3.0,2.0,Đầy đủ,Đầy đủ,M
Mỹ Đình 1,Nam Từ Liêm,Tập đoàn Vingroup,Vinhomes Skylake,73.0,95.89041137695312,3.0,2.0,Đầy đủ,Đầy đủ,M
Đông Hội,Đông Anh,Công ty CP Eurowindow Holding,Eurowindow River Park,65.0,45.38461685180664,2.0,2.0,Đầy đủ,Đầy đủ,M
Tả Thanh Oai,Thanh Trì,Tư nhân,Tư nhân,37.0,93.24324035644533,4.0,3.0,Đầy đủ,Cơ bản,M
Yên Hòa,Cầu Giấy,Tư nhân,Tư nhân,62.0,540.3225708007812,5.0,5.0,Đầy đủ,Đầy đủ,M
"HUD2 Linh Đàm,",Hoàng Mai,Tổng Công ty Đầu tư Phát triển Nhà và Đô thị HUD,Khu đô thị mới Linh Đàm,75.0,56.66666793823242,3.0,2.0,Đầy đủ,Đầy đủ,M
Biên Giang,Hà Đông,Tư nhân,Tư nhân,30.0,73.33333587646484,3.0,2.0,Đầy đủ,Cơ bản,M
Thanh Trì,Hoàng Mai,Tư nhân,Tư nhân,102.2,190.80235290527344,5.0,6.0,Đầy đủ,Cơ bản,Q
Hoàng Liệt,Hoàng Mai,Công ty CP Tập đoàn Hưng Thịnh,Hà Nội Melody Residences,75.0,60.0,2.0,2.0,Hợp đồng mua bán,Cơ bản,M
Vĩnh Tuy,Hai Bà Trưng,Công ty CP Tập đoàn Sunshine,Sunshine Garden,108.0,61.57407379150391,3.0,2.0,Đầy đủ,Đầy đủ,M
Mỹ Đình 1,Nam Từ Liêm,Tư nhân,Tư nhân,75.0,274.6666564941406,17.0,17.0,Đầy đủ,Đầy đủ,N
Mai Dịch,Cầu Giấy,Tư nhân,Tư nhân,285.0,842.1052856445312,8.0,8.0,Đầy đủ,Cơ bản,M
Đa Tốn,Gia Lâm,Tập đoàn Vingroup,Vinhomes Ocean Park Gia Lâm,69.2,42.63005828857422,2.0,2.0,Đầy đủ,Cơ bản,N
Vĩnh Tuy,Hai Bà Trưng,Tập đoàn Vingroup,Vinhomes Times City - Park Hill,136.0,88.23529052734375,4.0,3.0,Đầy đủ,Đầy đủ,M
Nhân Chính,Thanh Xuân,Tư nhân,Tư nhân,80.0,207.5,5.0,6.0,Đầy đủ,Cơ bản,M
Cống Vị,Ba Đình,Tư nhân,Tư nhân,73.0,356.1643981933594,4.0,5.0,Đầy đủ,Cơ bản,M
Dương Xá,Gia Lâm,Tập đoàn Vingroup,Vinhomes Ocean Park Gia Lâm,74.7,51.27175521850586,3.0,2.0,Đầy đủ,Cơ bản,M
Đại Kim,Hoàng Mai,Tư nhân,Tư nhân,35.0,148.57142639160156,4.0,3.0,Đầy đủ,Cơ bản,M
Nam Đồng,Đống Đa,Tư nhân,Tư nhân,50.0,256.0,5.0,4.0,Đầy đủ,Đầy đủ,M
Phú La,Hà Đông,Tư nhân,Tư nhân,200.0,289.0,4.0,4.0,Đầy đủ,Đầy đủ,M
Nhân Chính,Thanh Xuân,Tư nhân,Tư nhân,60.0,358.3333435058594,5.0,5.0,Đầy đủ,Đầy đủ,M
Đông Hội,Đông Anh,Tập đoàn Vingroup,Vinhomes Cổ Loa,80.0,275.0,5.0,5.0,HDMB,Không nội thất,N
Phương Liệt,Thanh Xuân,Tư nhân,Tư nhân,75.0,200.0,4.0,4.0,Đầy đủ,Đầy đủ,M
Trung Hòa,Cầu Giấy,Tư nhân,Tư nhân,79.0,184.81011962890625,12.0,13.0,Đầy đủ,Đầy đủ,M
Trung Liệt,Đống Đa,Tư nhân,Tư nhân,60.0,150.0,3.0,5.0,Đầy đủ,Đầy đủ,M
Di Trạch,Hoài Đức,Công ty Vietracimex,Chung cư The Wisteria,108.0,69.44444274902344,3.0,3.0,Hợp đồng mua bán,Cơ bản,N
Đa Tốn,Gia Lâm,Tập đoàn Vingroup,The Beverly - Vinhomes Ocean Park,32.0,59.0625,1.0,1.0,Hợp đồng mua bán,Không nội thất,N
Dương Xá,Gia Lâm,Tập đoàn Vingroup,Vinhomes Ocean Park Gia Lâm,27.1,77.12177276611328,1.0,1.0,Hợp đồng mua bán,Đầy đủ,M
Xuân Đỉnh,Bắc Từ Liêm,Tư nhân,Tư nhân,30.0,221.6666717529297,3.0,4.0,Đầy đủ,Đầy đủ,M
Phụng Châu,Chương Mỹ,Tư nhân,Tư nhân,60.0,37.5,4.0,4.0,Đầy đủ,Cơ bản,M
Giảng Võ,Ba Đình,Tư nhân,Tư nhân,31.0,96.4516143798828,2.0,1.0,Đầy đủ,Không nội thất,M
Cầu Diễn,Nam Từ Liêm,Vimefulland,Iris Garden,62.0,77.25806427001953,2.0,2.0,Đầy đủ,Đầy đủ,M
Yết Kiêu,Hà Đông,Công ty TSQ Việt Nam,Tòa Tháp Thiên Niên Kỷ - Hatay Millennium,105.0,61.904762268066406,3.0,2.0,Đầy đủ,Cơ bản,N
Kiến Hưng,Hà Đông,Tư nhân,Tư nhân,30.0,210.0,3.0,4.0,Đầy đủ,Cơ bản,M
Phú Thượng,Tây Hồ,Tư nhân,Tư nhân,46.0,35.869564056396484,1.0,1.0,Đầy đủ,Cơ bản,N
Khương Mai,Thanh Xuân,Tư nhân,Tư nhân,150.0,40.0,5.0,3.0,Đầy đủ,Cơ bản,M
Trâu Quỳ,Gia Lâm,Masterise Homes,The Lake,63.0,70.0,2.0,1.0,Hợp đồng mua bán,Cơ bản,N
Tây Mỗ,Nam Từ Liêm,Tập đoàn Vingroup,The Canopy Residences - Vinhomes Smart City,73.0,62.0,3.0,2.0,Đầy đủ,Đầy đủ,N
Tân Triều,Thanh Trì,Tư nhân,Tư nhân,34.0,130.0,3.0,2.0,Đầy đủ,Đầy đủ,M
Xuân Đỉnh,Bắc Từ Liêm,Vimefulland,Jade Square,120.0,250.0,7.0,5.0,Chưa có,Đầy đủ,M
Hoàng Văn Thụ,Hoàng Mai,Công ty Cổ phần KLB,Feliz Homes,114.0,65.78947448730469,3.0,2.0,Đầy đủ,Đầy đủ,M
Thạch Bàn,Long Biên,Tư nhân,Tư nhân,31.0,157.4193572998047,3.0,4.0,Đầy đủ,Đầy đủ,M
La Khê,Hà Đông,Công ty CP Đầu tư và Kinh doanh Bất động sản Hải Phát (Hải Phát Land),The Pride,339.0,45.72271347045898,4.0,4.0,Đầy đủ,Đầy đủ,M
Đa Tốn,Gia Lâm,Masterise Homes,Masteri Waterfront,77.0,68.18181610107422,3.0,2.0,Đầy đủ,Cơ bản,M
Dương Xá,Gia Lâm,Tập đoàn Vingroup,The Pavilion - Vinhomes Ocean Park,49.3,53.54969787597656,2.0,1.0,Hợp đồng mua bán,Đầy đủ,N
Láng Hạ,Đống Đa,Tổng Công ty Đầu tư và Phát triển nhà Hà Nội (HANDICO),Chung cư M3 - M4 Nguyễn Chí Thanh,122.0,72.0,3.0,2.0,Đầy đủ,Đầy đủ,Q
Láng Hạ,Đống Đa,Công ty CP Đầu tư Địa ốc Sông Hồng,Sông Hồng Park View,120.0,62.5,3.0,2.0,Đầy đủ,Đầy đủ,Q
Dịch Vọng Hậu,Cầu Giấy,Tư nhân,Tư nhân,77.3,217.3350524902344,21.0,21.0,Đầy đủ,Đầy đủ,M
Trung Hòa,Cầu Giấy,Công ty CP Đầu tư xây dựng và phát triển Công nghệ cao - Decotech,Eurowindow Multi Complex,113.0,61.946903228759766,3.0,2.0,Đầy đủ,Đầy đủ,M
Chúc Sơn,Chương Mỹ,Tư nhân,Tư nhân,32.0,93.125,3.0,3.0,Đầy đủ,Cơ bản,Q
Dương Nội,Hà Đông,Công ty CP Tập đoàn Nam Cường Hà Nội,Khu đô thị mới Dương Nội,200.0,325.0,7.0,6.0,Đầy đủ,Không nội thất,M
Bồ Đề,Long Biên,Tư nhân,Tư nhân,38.0,190.7894744873047,4.0,4.0,Đầy đủ,Đầy đủ,M
Trần Phú,Hoàng Mai,Tư nhân,Tư nhân,35.0,142.57142639160156,3.0,4.0,Đầy đủ,Đầy đủ,M
Vĩnh Hưng,Hoàng Mai,Công ty CP Tập đoàn T&T,T&T Riverview,96.0,52.08333206176758,3.0,2.0,Đầy đủ,Đầy đủ,Q
Láng Hạ,Đống Đa,Công ty CP Đầu tư Địa ốc Sông Hồng,Sông Hồng Park View,120.0,62.5,3.0,2.0,Đầy đủ,Đầy đủ,N
Tràng Tiền,Hoàn Kiếm,Tư nhân,Tư nhân,70.0,328.5714416503906,3.0,3.0,Đầy đủ,Đầy đủ,Q
Kim Mã,Ba Đình,Công ty CP Đầu tư Văn Phú - Invest,Grandeur Palace Giảng Võ,138.0,471.0144958496094,5.0,6.0,Đầy đủ,Cơ bản,Q
Cầu Diễn,Nam Từ Liêm,Vimefulland,Iris Garden,135.0,59.25925827026367,3.0,2.0,Đầy đủ,Không nội thất,N
Dịch Vọng,Cầu Giấy,Tư nhân,Tư nhân,30.0,230.0,4.0,4.0,Đầy đủ,Cơ bản,M
Cầu Diễn,Nam Từ Liêm,Công ty CP Xây dựng Phục Hưng Holdings,Florence Mỹ Đình,85.0,68.23529052734375,3.0,2.0,Đầy đủ,Cơ bản,M
Mỹ Đình 2,Nam Từ Liêm,Tư nhân,Tư nhân,69.0,239.13043212890625,21.0,21.0,Đầy đủ,Đầy đủ,M
Tây Mỗ,Nam Từ Liêm,Tập đoàn Vingroup,The Sapphire-Vinhomes Smart City,64.0,59.375,2.0,2.0,Đầy đủ,Đầy đủ,N
Mễ Trì,Nam Từ Liêm,Công ty Cổ phần Đầu tư Mai Linh,Golden Palace,125.0,52.0,3.0,2.0,Đầy đủ,Đầy đủ,M
Thanh Xuân Trung,Thanh Xuân,Công ty CP Đầu tư và Phát triển Đô thị Long Giang,Rivera Park Hà Nội,72.0,83.33333587646484,2.0,2.0,Đầy đủ,Đầy đủ,M
Quảng An,Tây Hồ,Tư nhân,Tư nhân,197.0,340.1015319824219,5.0,5.0,Đầy đủ,Đầy đủ,M
Nam Hồng,Đông Anh,Tư nhân,Tư nhân,55.0,64.54545593261719,3.0,2.0,Đầy đủ,Cơ bản,Q
Bồ Đề,Long Biên,Tư nhân,Tư nhân,48.0,260.4166564941406,4.0,4.0,Đầy đủ,Cơ bản,M
Bạch Mai,Hai Bà Trưng,Tư nhân,Tư nhân,50.0,8.680000305175781,6.0,4.0,Đầy đủ,Đầy đủ,M
Dịch Vọng Hậu,Cầu Giấy,Tư nhân,Tư nhân,45.0,315.5555419921875,4.0,4.0,Đầy đủ,Đầy đủ,M
Đông Hội,Đông Anh,Tập đoàn Vingroup,Vinhomes Cổ Loa,62.5,236.16000366210935,4.0,5.0,Đầy đủ,Không nội thất,N
Quan Hoa,Cầu Giấy,Tư nhân,Tư nhân,40.0,237.5,3.0,3.0,Đầy đủ,Đầy đủ,M
Phú La,Hà Đông,Tư nhân,Tư nhân,55.0,223.6363677978516,11.0,12.0,Đầy đủ,Đầy đủ,N
Vĩnh Tuy,Hai Bà Trưng,Công ty CP Tập đoàn Sunshine,Sunshine Garden,45.0,88.88888549804688,1.0,1.0,Đầy đủ,Đầy đủ,M
Đông Hội,Đông Anh,Tập đoàn Vingroup,Vinhomes Cổ Loa,48.0,87.91666412353516,1.0,1.0,Đầy đủ,Đầy đủ,N
Đông Hội,Đông Anh,Tập đoàn Vingroup,Vinhomes Cổ Loa,89.0,78.65168762207031,3.0,2.0,Đầy đủ,Đầy đủ,N
Mễ Trì,Nam Từ Liêm,Tư nhân,Tư nhân,120.0,287.5,31.0,32.0,Đầy đủ,Đầy đủ,N
Lê Đại Hành,Hai Bà Trưng,Tư nhân,Tư nhân,66.0,195.4545440673828,4.0,5.0,Đầy đủ,Đầy đủ,M
Tân Triều,Thanh Trì,Công ty CP HTG,Liền kề Tổng cục 5 Tân Triều,100.0,220.0,3.0,3.0,Đầy đủ,Đầy đủ,M
Nghĩa Tân,Cầu Giấy,Tư nhân,Tư nhân,80.0,210.0,21.0,21.0,Đầy đủ,Đầy đủ,M
Đại Kim,Hoàng Mai,Công ty Đầu tư Xây dựng số 2 Hà Nội,Khu đô thị Đại Kim,53.0,235.84906005859372,6.0,4.0,Đầy đủ,Đầy đủ,M
Giáp Bát,Hoàng Mai,Tư nhân,Tư nhân,65.0,275.3846130371094,4.0,5.0,Đầy đủ,Đầy đủ,M
Vinhomes Ocean Park,Gia Lâm,Tập đoàn Vingroup,Vinhomes Ocean Park Gia Lâm,74.0,71.62162017822266,3.0,2.0,Đầy đủ,Đầy đủ,M
Chúc Sơn,Chương Mỹ,Tư nhân,Tư nhân,90.0,33.33333206176758,2.0,1.0,Đầy đủ,Không nội thất,Q
Cát Linh,Đống Đa,Tư nhân,Tư nhân,32.0,205.9375,3.0,4.0,Đầy đủ,Cơ bản,M
Yên Phụ,Tây Hồ,Tư nhân,Tư nhân,50.0,306.0,4.0,6.0,Đầy đủ,Đầy đủ,M
Ô Chợ Dừa,Đống Đa,Tư nhân,Tư nhân,32.0,240.0,4.0,5.0,Sổ đỏ vuông đẹp,Cao cấp,M
Mỹ Đình 1,Nam Từ Liêm,Công ty CP Đầu tư Phát triển Đô thị và KCN Sông Đà - Sudico,Khu đô thị Mỹ Đình Sông Đà - Sudico,142.0,302.81689453125,4.0,3.0,Đầy đủ,Cao cấp,Q
Văn Quán,Hà Đông,Công ty CP Đầu Tư Xây Dựng và Phát Triển Đô Thị Sông Đà,Sông Đà Hà Đông Tower,154.0,39.610389709472656,4.0,2.0,Đầy đủ,Đầy đủ,Q
Long Biên,Long Biên,Tư nhân,Tư nhân,32.0,162.5,3.0,3.0,Đầy đủ,Đầy đủ,M
Vân Canh,Hoài Đức,Tư nhân,Tư nhân,30.0,175.0,3.0,4.0,Đầy đủ,Cơ bản,M
Mỹ Đình 1,Nam Từ Liêm,Tư nhân,Tư nhân,50.0,38.0,2.0,1.0,- Pháp lý: Hợp đồng mua bán vi bằng,Cơ bản,N
Hà Cầu,Hà Đông,Tư nhân,Tư nhân,53.7,136.8715057373047,3.0,2.0,Đầy đủ,Đầy đủ,M
Phú Lãm,Hà Đông,Tư nhân,Tư nhân,68.2,124.63343811035156,4.0,3.0,Đầy đủ,Cơ bản,M
Ngọc Hà,Ba Đình,Tư nhân,Tư nhân,34.0,205.2941131591797,3.0,4.0,Đầy đủ,Đầy đủ,M
Trương Định,Hai Bà Trưng,Tư nhân,Tư nhân,300.0,286.6666564941406,50.0,50.0,Đầy đủ,Đầy đủ,M
Mỹ Đình 1,Nam Từ Liêm,Tư nhân,Tư nhân,100.0,380.0,20.0,20.0,Đầy đủ,Đầy đủ,N
Cát Linh,Đống Đa,Tư nhân,Tư nhân,25.0,294.0,3.0,3.0,Đầy đủ,Cơ bản,M
Xuân La,Tây Hồ,Tư nhân,Tư nhân,46.0,178.2608642578125,4.0,5.0,Đầy đủ,Đầy đủ,M
Đông Ngạc,Bắc Từ Liêm,Công ty CP Đầu tư Bất động sản Đông Đô - BQP,IA20 Ciputra,92.0,48.91304397583008,3.0,2.0,Đầy đủ,Cơ bản,M
Đê La Thành,Đống Đa,Tư nhân,Tư nhân,73.0,598.3561401367188,6.0,4.0,Đầy đủ,Đầy đủ,M
Dịch Vọng,Cầu Giấy,Công ty Cổ phần Tập đoàn FLC,Bamboo Airways Tower,120.0,70.0,3.0,2.0,Đầy đủ,Đầy đủ,Q
Thanh Xuân Nam,Thanh Xuân,Tư nhân,Tư nhân,66.0,184.84848022460935,22.0,22.0,Đầy đủ,Đầy đủ,M
Dương Xá,Gia Lâm,Tập đoàn Vingroup,The Pavilion - Vinhomes Ocean Park,48.0,55.83333206176758,1.0,1.0,Hợp đồng mua bán,Đầy đủ,M
Cự Khối,Long Biên,Tư nhân,Tư nhân,57.0,117.19298553466795,3.0,3.0,Đầy đủ,Cơ bản,M
Cống Vị,Ba Đình,Tư nhân,Tư nhân,73.0,231.50685119628903,18.0,19.0,Đầy đủ,Đầy đủ,M
Tân Triều,Thanh Trì,Công ty CP Sông Đà 7,Chung cư Viện 103,33.0,136.36363220214844,4.0,4.0,Đầy đủ,Cơ bản,N
Phúc Lợi,Long Biên,Tư nhân,Tư nhân,73.0,200.6849365234375,4.0,3.0,Đầy đủ,Đầy đủ,M
Chương Dương,Hoàn Kiếm,Tư nhân,Tư nhân,60.0,214.6666717529297,5.0,4.0,Đầy đủ,Đầy đủ,M
Thanh Lương,Hai Bà Trưng,Tư nhân,Tư nhân,34.0,173.23529052734375,4.0,4.0,Đầy đủ,Đầy đủ,M
Ngọc Lâm,Long Biên,Tư nhân,Tư nhân,63.0,263.4920654296875,4.0,4.0,Đầy đủ,Đầy đủ,M
Sài Đồng,Long Biên,Tư nhân,Tư nhân,53.0,181.132080078125,5.0,4.0,Đầy đủ,Cơ bản,M
Ngọc Lâm,Long Biên,Tư nhân,Tư nhân,55.0,249.0909118652344,3.0,4.0,Đầy đủ,Cơ bản,M
Định Công,Hoàng Mai,Tư nhân,Tư nhân,52.0,471.1538391113281,5.0,5.0,Đầy đủ,Cơ bản,M
Thanh Xuân Nam,Thanh Xuân,Tư nhân,Tư nhân,110.0,231.81817626953125,32.0,32.0,Đầy đủ,Đầy đủ,M
Thạch Bàn,Long Biên,Tư nhân,Tư nhân,31.0,154.83871459960938,3.0,3.0,Đầy đủ,Cơ bản,M
Nghĩa Đô,Cầu Giấy,Tư nhân,Tư nhân,42.0,242.85714721679688,10.0,10.0,Đầy đủ,Đầy đủ,M
Xuân La,Tây Hồ,Công ty CP Xây dựng và Thương mại Bắc Hà,6th Element,59.8,91.9732437133789,2.0,1.0,Đầy đủ,Đầy đủ,M
Hoàng Văn Thụ,Hoàng Mai,Công ty Cổ phần KLB,Feliz Homes,83.0,55.421688079833984,2.0,2.0,Đầy đủ,Đầy đủ,M
Xuân La,Tây Hồ,Công ty CP Đầu tư và Thương mại Thủ Đô,Ecolife Tây Hồ,87.8,74.25968170166016,2.0,2.0,Đầy đủ,Đầy đủ,M
Đa Tốn,Gia Lâm,Tập đoàn Vingroup,Vinhomes Ocean Park Gia Lâm,67.9,44.91899871826172,2.0,2.0,Đầy đủ,Đầy đủ,M
Dương Xá,Gia Lâm,Tập đoàn Vingroup,The Zenpark,74.3,52.48990249633789,2.0,2.0,Đầy đủ,Cao cấp,M
Thụy Khuê,Tây Hồ,Tư nhân,Tư nhân,47.0,272.3404235839844,11.0,11.0,Đầy đủ,Đầy đủ,M
Nhật Tân,Tây Hồ,Tư nhân,Tư nhân,46.0,178.2608642578125,3.0,4.0,Đầy đủ,Cơ bản,M
Dương Xá,Gia Lâm,Tập đoàn Vingroup,Vinhomes Ocean Park Gia Lâm,63.0,47.4603157043457,2.0,2.0,Đầy đủ,Đầy đủ,M
Vĩnh Tuy,Hai Bà Trưng,Tập đoàn Vingroup,Times City,73.0,75.34246826171875,2.0,2.0,Đầy đủ,Đầy đủ,M
Khương Đình,Thanh Xuân,Tư nhân,Tư nhân,46.0,173.9130401611328,8.0,8.0,Đầy đủ,Đầy đủ,M
Phụng Châu,Chương Mỹ,Tư nhân,Tư nhân,36.0,94.44444274902344,4.0,4.0,Đầy đủ,Cơ bản,M
Mễ Trì,Nam Từ Liêm,Tập đoàn Vingroup,Vinhomes Green Bay Mễ Trì,63.0,61.904762268066406,2.0,2.0,Đầy đủ,Cao cấp,M
Hoàng Văn Thụ,Hoàng Mai,Công ty Cổ phần KLB,Feliz Homes,46.0,78.26087188720703,1.0,1.0,Hợp đồng mua bán,Đầy đủ,M
Đồng Xuân,Hoàn Kiếm,Tư nhân,Tư nhân,156.0,891.025634765625,6.0,6.0,Đầy đủ,Đầy đủ,M
Trung Liệt,Đống Đa,Tư nhân,Tư nhân,26.0,203.84616088867188,3.0,3.0,Đầy đủ,Đầy đủ,M
Hà Cầu,Hà Đông,Công ty TNHH Hyundai RNC Hà Tây,Hyundai Hillstate,134.0,64.85074615478516,3.0,2.0,Đầy đủ,Đầy đủ,Q
Mỹ Đình 2,Nam Từ Liêm,Tư nhân,Tư nhân,280.0,282.1428527832031,8.0,16.0,Đầy đủ,Đầy đủ,M
Thanh Xuân Trung,Thanh Xuân,Công ty CP Đầu tư và Phát triển Đô thị Long Giang,Rivera Park Hà Nội,72.0,79.16666412353516,2.0,2.0,Đầy đủ,Đầy đủ,M
Đông Ngạc,Bắc Từ Liêm,Công ty CP Tập đoàn Sunshine,Sunshine City,103.8,66.47398376464844,3.0,2.0,Đầy đủ,Cơ bản,M
Dịch Vọng Hậu,Cầu Giấy,Tư nhân,Tư nhân,60.0,326.6666564941406,4.0,6.0,Đầy đủ,Cơ bản,M
Thanh Xuân Bắc,Thanh Xuân,Tư nhân,Tư nhân,115.0,400.0,6.0,6.0,Đầy đủ,Đầy đủ,M
Trung Hòa,Cầu Giấy,Tư nhân,Tư nhân,74.0,256.7567443847656,5.0,5.0,Đầy đủ,Đầy đủ,M
Đông Ngạc,Bắc Từ Liêm,Công ty CP Tập đoàn Sunshine,Sunshine City,81.5,73.61962890625,2.0,2.0,Đầy đủ,Cơ bản,M
Dịch Vọng Hậu,Cầu Giấy,Tư nhân,Tư nhân,55.0,296.3636169433594,6.0,4.0,Đầy đủ,Cơ bản,M
Mỹ Đình 2,Nam Từ Liêm,Tư nhân,Tư nhân,117.0,203.41880798339844,28.0,14.0,Đầy đủ,Đầy đủ,M
Dương Xá,Gia Lâm,Tập đoàn Vingroup,Vinhomes Ocean Park Gia Lâm,63.6,45.59748458862305,2.0,1.0,Đầy đủ,Đầy đủ,M
Tây Mỗ,Nam Từ Liêm,Tập đoàn Vingroup,The Miami,42.8,59.57944107055664,1.0,1.0,Đầy đủ,Đầy đủ,M
Mễ Trì,Nam Từ Liêm,Tập đoàn Vingroup,Vinhomes Green Bay Mễ Trì,75.0,50.66666793823242,3.0,2.0,Đầy đủ,Đầy đủ,M
Dự án Vinhomes Smart City,Nam Từ Liêm,Tập đoàn Vingroup,Vinhomes Smart City,45.0,53.33333206176758,2.0,1.0,Đầy đủ,Đầy đủ,M
Thanh Lương,Hai Bà Trưng,Tư nhân,Tư nhân,38.0,165.7894744873047,4.0,3.0,Đầy đủ,Cơ bản,M
Xuân Đỉnh,Bắc Từ Liêm,Tư nhân,Tư nhân,150.0,276.26666259765625,6.0,10.0,Đầy đủ,Đầy đủ,Q
Dịch Vọng Hậu,Cầu Giấy,Tư nhân,Tư nhân,65.0,500.0,6.0,9.0,Đầy đủ,Đầy đủ,M
Phú La,Hà Đông,Tư nhân,Tư nhân,58.5,299.1452941894531,12.0,8.0,Đầy đủ,Đầy đủ,M
Tây Mỗ,Nam Từ Liêm,Tập đoàn Vingroup,The Sapphire-Vinhomes Smart City,55.0,53.6363639831543,2.0,1.0,Đầy đủ,Đầy đủ,N
Xuân La,Tây Hồ,Tư nhân,Tư nhân,32.0,278.125,6.0,7.0,Đầy đủ,Đầy đủ,M
Dương Nội,Hà Đông,Tư nhân,Tư nhân,43.3,131.6397247314453,4.0,3.0,Đầy đủ,Cơ bản,M
Cự Khối,Long Biên,Tư nhân,Tư nhân,57.0,117.54386138916016,4.0,4.0,Đầy đủ,Đầy đủ,M
Tây Mỗ,Nam Từ Liêm,Tập đoàn Vingroup,The Sapphire-Vinhomes Smart City,81.0,51.85185241699219,3.0,2.0,Đầy đủ,Cơ bản,N
Mỗ Lao,Hà Đông,Tư nhân,Tư nhân,53.5,327.1028137207031,3.0,5.0,Đầy đủ,Không nội thất,M
Hoàng Văn Thụ,Hoàng Mai,Công ty Cổ phần KLB,Feliz Homes,97.0,62.8865966796875,3.0,2.0,Đầy đủ,Cơ bản,M
Quan Hoa,Cầu Giấy,Tư nhân,Tư nhân,34.0,220.58824157714844,3.0,4.0,Đầy đủ,Cơ bản,M
Nghĩa Đô,Cầu Giấy,Tư nhân,Tư nhân,40.0,205.0,6.0,4.0,Đầy đủ,Cơ bản,M
Bích Hòa,Thanh Oai,Tư nhân,Tư nhân,32.0,112.5,3.0,4.0,Đầy đủ,Cơ bản,M
Nghĩa Tân,Cầu Giấy,Tư nhân,Tư nhân,45.0,182.22222900390625,6.0,4.0,Đầy đủ,Đầy đủ,M
Ngọc Thụy,Long Biên,Tư nhân,Tư nhân,41.5,160.48193359375,6.0,3.0,Đầy đủ,Cơ bản,M
Dịch Vọng,Cầu Giấy,"Công ty CP Phát triển Đô thị Từ Liêm - LIDECO, JSC",Khu đô thị mới Dịch Vọng,86.4,67.70833587646484,2.0,2.0,Đầy đủ,Đầy đủ,M
Mỹ Đình 2,Nam Từ Liêm,Tư nhân,Tư nhân,48.0,262.5,5.0,3.0,Đầy đủ,Cơ bản,M
Tân Lập,Đan Phượng,Tư nhân,Tư nhân,43.3,151.0,4.0,3.0,Đầy đủ,Đầy đủ,Q
Vạn Phúc,Hà Đông,Tư nhân,Tư nhân,52.0,255.76922607421875,7.0,7.0,Đầy đủ,Đầy đủ,M
Dương Xá,Gia Lâm,Tập đoàn Vingroup,The Pavilion - Vinhomes Ocean Park,61.5,55.28455352783203,2.0,2.0,Đầy đủ,Cơ bản,M
Tây Mỗ,Nam Từ Liêm,Masterise Homes,Masteri West Heights,64.0,73.4375,2.0,2.0,Hợp đồng mua bán,Đầy đủ,M
Bồ Đề,Long Biên,Tư nhân,Tư nhân,90.0,176.11111450195312,4.0,4.0,Đầy đủ,Cơ bản,M
Đa Tốn,Gia Lâm,Masterise Homes,Masteri Waterfront,81.6,62.009803771972656,3.0,2.0,Hợp đồng mua bán,Cơ bản,M
Sài Đồng,Long Biên,Tư nhân,Tư nhân,37.0,294.5946044921875,3.0,4.0,Đầy đủ,Đầy đủ,M
Thượng Thanh,Long Biên,Tư nhân,Tư nhân,44.0,188.6363677978516,3.0,3.0,Đầy đủ,Đầy đủ,M
Quốc Tử Giám,Đống Đa,Tư nhân,Tư nhân,32.0,205.9375,3.0,4.0,Đầy đủ,Cơ bản,M
Di Trạch,Hoài Đức,Công ty Vietracimex,Hinode Royal Park,115.0,173.04347229003906,8.0,5.0,Đầy đủ,Cơ bản,M
Mễ Trì,Nam Từ Liêm,Tập đoàn Vingroup,Vinhomes West Point,70.0,92.85713958740234,2.0,2.0,Đầy đủ,Cơ bản,M
Thanh Lương,Hai Bà Trưng,Tư nhân,Tư nhân,42.0,160.7142791748047,4.0,3.0,Đầy đủ,Đầy đủ,M
Cầu Diễn,Nam Từ Liêm,Tập đoàn Vingroup,Vinhomes Gardenia,80.0,67.5,2.0,2.0,Đầy đủ,Đầy đủ,M
Trung Hòa,Cầu Giấy,Tư nhân,Tư nhân,64.0,281.25,8.0,5.0,Đầy đủ,Đầy đủ,M
Thanh Lương,Hai Bà Trưng,Tư nhân,Tư nhân,81.0,98.76543426513672,4.0,3.0,Đầy đủ,Cơ bản,M
Cổ Nhuế 1,Bắc Từ Liêm,Công ty CP Đầu tư và Xây dựng Quốc tế Vigeba,Thành phố Giao Lưu,190.0,305.2631530761719,4.0,4.0,Đầy đủ,Không nội thất,M
Đại Mỗ,Nam Từ Liêm,Tập đoàn Vingroup,Vinhomes Green Villas,233.0,240.3433532714844,5.0,5.0,Đầy đủ,Đầy đủ,M
Khâm Thiên,Đống Đa,Tư nhân,Tư nhân,32.0,156.25,3.0,3.0,Đầy đủ,Đầy đủ,M
Tây Mỗ,Nam Từ Liêm,Tập đoàn MIK Corporation,Imperia Smart City,63.4,68.61198425292969,2.0,2.0,Đầy đủ,Cơ bản,M
Phú Lương,Hà Đông,Tư nhân,Tư nhân,34.0,129.41175842285156,3.0,3.0,Đầy đủ,Cơ bản,M
Tây Mỗ,Nam Từ Liêm,Tập đoàn Vingroup,The Sapphire-Vinhomes Smart City,53.8,52.04460906982422,2.0,1.0,Đầy đủ,Cơ bản,N
Tây Mỗ,Nam Từ Liêm,Tập đoàn MIK Corporation,Imperia Smart City,63.9,60.25038909912109,2.0,2.0,Đầy đủ,Đầy đủ,M
Tây Mỗ,Nam Từ Liêm,Tập đoàn MIK Corporation,Imperia Smart City,63.4,62.30283737182617,2.0,2.0,Đầy đủ,Đầy đủ,M
Bạch Đằng,Hai Bà Trưng,Tư nhân,Tư nhân,63.0,148.41270446777344,3.0,3.0,Đầy đủ,Đầy đủ,M
Thanh Lương,Hai Bà Trưng,Tư nhân,Tư nhân,38.0,165.7894744873047,5.0,3.0,Đầy đủ,Đầy đủ,M
Giang Biên,Long Biên,Tổng Công ty Đầu tư Phát triển Nhà và Đô thị HUD,Khu đô thị Việt Hưng,117.0,37.17948532104492,4.0,2.0,Đầy đủ,Đầy đủ,M
Dịch Vọng Hậu,Cầu Giấy,Tư nhân,Tư nhân,40.1,418.95263671875,5.0,6.0,Đầy đủ,Đầy đủ,M
Mỹ Đình 2,Nam Từ Liêm,Tư nhân,Tư nhân,127.0,146.45669555664062,19.0,19.0,Đầy đủ,Đầy đủ,M
Vân Canh,Hoài Đức,Tư nhân,Tư nhân,30.1,131.22923278808594,3.0,3.0,Đầy đủ,Cơ bản,M
Tây Mỗ,Nam Từ Liêm,Tập đoàn Vingroup,The Tonkin - Vinhomes Smart City,72.1,64.49375915527344,2.0,2.0,Đầy đủ,Cơ bản,M
Cầu Diễn,Nam Từ Liêm,Tập đoàn Vingroup,Vinhomes Gardenia,93.0,354.8387145996094,5.0,5.0,Đầy đủ,Đầy đủ,M
Tây Mỗ,Nam Từ Liêm,Masterise Homes,Masteri West Heights,80.1,84.89388275146484,3.0,2.0,Hợp đồng mua bán,Cơ bản,M
Trung Hòa,Cầu Giấy,Tư nhân,Tư nhân,200.0,500.0,42.0,46.0,Đầy đủ,Đầy đủ,N
Văn Quán,Hà Đông,Tư nhân,Tư nhân,45.0,190.0,2.0,1.0,Đầy đủ,Không nội thất,M
Trung Liệt,Đống Đa,Tư nhân,Tư nhân,42.0,147.61904907226562,4.0,3.0,Đầy đủ,Đầy đủ,M
Phú Đô,Nam Từ Liêm,Tư nhân,Tư nhân,32.0,230.0,8.0,8.0,Đầy đủ,Đầy đủ,M
Láng Hạ,Đống Đa,Tư nhân,Tư nhân,104.43,65.11538696289062,3.0,2.0,Đầy đủ,Đầy đủ,N
Yên Hòa,Cầu Giấy,Tổng Công ty CP Đầu tư Xây dựng và Thương mại Việt Nam,Chung cư CT6 Constrexim,110.0,53.18181991577149,3.0,2.0,Đầy đủ,Cao cấp,Q
Văn Chương,Đống Đa,Tư nhân,Tư nhân,39.0,594.8717651367188,5.0,7.0,Đầy đủ,Đầy đủ,Q
Đội Cấn,Ba Đình,Tư nhân,Tư nhân,427.0,690.8665161132812,9.0,13.0,Đầy đủ,Đầy đủ,M
Dịch Vọng Hậu,Cầu Giấy,Công ty CP Đầu tư và Thương mại Thăng Long,Hà Nội Paragon,108.0,59.25925827026367,3.0,2.0,Chưa có,Cơ bản,Q
Yên Hòa,Cầu Giấy,Tổng công ty Đầu tư Phát triển Hạ tầng đô thị - UDIC,Park View City,122.0,83.0,3.0,2.0,Đầy đủ,Đầy đủ,Q
Phú Diễn,Bắc Từ Liêm,Tư nhân,Tư nhân,59.0,242.3728790283203,17.0,17.0,Đầy đủ,Đầy đủ,M
Liên Mạc,Bắc Từ Liêm,Tư nhân,Tư nhân,40.0,180.0,5.0,4.0,Đầy đủ,Cơ bản,Q
Phú Lương,Hà Đông,Tư nhân,Tư nhân,30.2,149.00662231445312,4.0,3.0,Đầy đủ,Đầy đủ,M
Đại Kim,Hoàng Mai,Tư nhân,Tư nhân,72.0,240.27777099609372,5.0,6.0,Đầy đủ,Đầy đủ,M
Láng Hạ,Đống Đa,Tư nhân,Tư nhân,45.0,217.77777099609372,6.0,4.0,Đầy đủ,Đầy đủ,M
Xuân La,Tây Hồ,Tư nhân,Tư nhân,53.0,226.41510009765625,6.0,6.0,Đầy đủ,Cơ bản,M
Tây Mỗ,Nam Từ Liêm,Tập đoàn Vingroup,The Sapphire-Vinhomes Smart City,58.3,53.17324066162109,2.0,1.0,Đầy đủ,Cơ bản,N
Giáp Bát,Hoàng Mai,Tư nhân,Tư nhân,102.0,274.5097961425781,7.0,7.0,Đầy đủ,Đầy đủ,M
Tây Mỗ,Nam Từ Liêm,Tập đoàn Vingroup,The Sapphire-Vinhomes Smart City,75.4,49.73474884033203,3.0,2.0,Đầy đủ,Đầy đủ,N
Thổ Quan,Đống Đa,Tư nhân,Tư nhân,105.0,371.4285583496094,6.0,7.0,Đầy đủ,Đầy đủ,Q
Văn Chương,Đống Đa,Tư nhân,Tư nhân,39.0,538.4615478515625,6.0,5.0,Đầy đủ,Đầy đủ,Q
Bồ Đề,Long Biên,Tư nhân,Tư nhân,53.0,151.8867950439453,4.0,4.0,Đầy đủ,Đầy đủ,M
Đường Cổ Nhuế,Phường Cổ Nhuế 2,Tư nhân,Tư nhân,35.0,175.7142791748047,3.0,4.0,Đầy đủ,Cơ bản,M
Nhân Chính,Thanh Xuân,Công ty CP Đầu tư Xây dựng Phát triển nhà số 7 Hà Nội,HDI Homes Nguyễn Tuân,98.0,408.1632690429688,4.0,5.0,Đầy đủ,Đầy đủ,Q
Phú Lương,Hà Đông,Tư nhân,Tư nhân,46.0,42.39130401611328,2.0,2.0,Chưa có,Cơ bản,M
Vĩnh Tuy,Hai Bà Trưng,Công ty CP Nông sản Agrexim,Hòa Bình Green City,124.3,64.36042022705078,3.0,2.0,Đầy đủ,Đầy đủ,Q
Hoàng Liệt,Hoàng Mai,Công ty CP Tập đoàn Hưng Thịnh,Hà Nội Melody Residences,67.72,45.77672576904297,2.0,2.0,Hợp đồng mua bán,Đầy đủ,M
Tây Mỗ,Nam Từ Liêm,Tập đoàn Vingroup,The Sapphire-Vinhomes Smart City,75.0,52.0,3.0,2.0,Đầy đủ,Đầy đủ,N
Dương Xá,Gia Lâm,Tập đoàn Vingroup,Vinhomes Ocean Park Gia Lâm,69.3,44.01154327392578,2.0,2.0,Đầy đủ,Cao cấp,M
Thạch Bàn,Long Biên,Tư nhân,Tư nhân,47.0,156.3829803466797,5.0,4.0,Đầy đủ,Đầy đủ,M
Mỹ Đình 1,Nam Từ Liêm,Tổng Công ty Đầu tư phát triển nhà và đô thị Bộ Quốc Phòng,Nhà ở xã hội Bộ Tư lệnh Tăng Thiết Giáp,60.0,225.0,18.0,18.0,Đầy đủ,Đầy đủ,N
Hà Cầu,Hà Đông,Tư nhân,Tư nhân,55.0,192.72727966308597,4.0,4.0,Đầy đủ,Đầy đủ,M
Phúc La,Hà Đông,Công ty CP Đầu tư Kinh doanh và Phát triển hạ tầng KCN Phúc Hà,Chung cư Nam Xa La,74.0,45.27027130126953,2.0,2.0,Đầy đủ,Cao cấp,Q
Đông Ngạc,Bắc Từ Liêm,Tư nhân,Tư nhân,40.0,140.0,6.0,4.0,Đầy đủ,Đầy đủ,M
Ngọc Khánh,Ba Đình,Tập đoàn Vingroup,Vinhomes Metropolis - Liễu Giai,115.0,139.13043212890625,3.0,2.0,Đầy đủ,Đầy đủ,M
Vĩnh Tuy,Hai Bà Trưng,Công ty CP đầu tư phát triển nhà và đô thị VINACONEX,Chung cư 536A Minh Khai,55.0,60.0,2.0,2.0,Đầy đủ,Cơ bản,N
Đa Tốn,Gia Lâm,Tập đoàn Vingroup,Vinhomes Ocean Park Gia Lâm,55.3,46.112117767333984,2.0,1.0,Đầy đủ,Đầy đủ,M
Mễ Trì,Nam Từ Liêm,Tập đoàn Vingroup,Vinhomes Green Bay Mễ Trì,83.82,77.54712677001953,3.0,2.0,Đầy đủ,Đầy đủ,M
Dương Xá,Gia Lâm,Tập đoàn Vingroup,Vinhomes Ocean Park Gia Lâm,64.8,47.06789779663086,2.0,2.0,Đầy đủ,Đầy đủ,M
Trung Hòa,Cầu Giấy,Tập đoàn Hòa Phát,Mandarin Garden,130.0,96.15384674072266,3.0,3.0,Đầy đủ,Đầy đủ,M
Bạch Mai,Hai Bà Trưng,Tư nhân,Tư nhân,50.0,138.0,4.0,3.0,Đầy đủ,Đầy đủ,M
Hoàng Liệt,Hoàng Mai,Tư nhân,Tư nhân,40.0,168.75,4.0,3.0,Đầy đủ,Đầy đủ,M
Cầu Diễn,Nam Từ Liêm,Vimefulland,Iris Garden,60.0,333.3333435058594,4.0,4.0,Đầy đủ,Đầy đủ,N
Nhân Chính,Thanh Xuân,Tư nhân,Tư nhân,46.0,221.7391357421875,4.0,5.0,Đầy đủ,Đầy đủ,Q
Thanh Trì,Hoàng Mai,Tư nhân,Tư nhân,31.0,151.2903289794922,3.0,4.0,Đầy đủ,Đầy đủ,M
Hoàng Liệt,Hoàng Mai,Công ty CP Đầu tư và Xây dựng Xuân Mai,Rose Town 79 Ngọc Hồi,104.0,43.269229888916016,3.0,2.0,Đầy đủ,Đầy đủ,M
Hoàng Liệt,Hoàng Mai,Công ty CP Đầu tư và Xây dựng Xuân Mai,Rose Town 79 Ngọc Hồi,79.0,44.30379867553711,2.0,2.0,Đầy đủ,Đầy đủ,M
Tây Mỗ,Nam Từ Liêm,Tập đoàn Vingroup,The Sapphire-Vinhomes Smart City,59.1,48.900169372558594,2.0,1.0,Đầy đủ,Đầy đủ,N
Nhân Chính,Thanh Xuân,Tư nhân,Tư nhân,36.0,222.22222900390625,4.0,6.0,Đầy đủ,Đầy đủ,M
Mễ Trì,Nam Từ Liêm,Tập đoàn Vingroup,Vinhomes Green Bay Mễ Trì,69.0,69.56521606445312,2.0,2.0,Đầy đủ,Cơ bản,M
Định Công,Hoàng Mai,Tư nhân,Tư nhân,43.0,174.18605041503906,5.0,3.0,Đầy đủ,Cơ bản,M
Bạch Đằng,Hai Bà Trưng,Tập đoàn Sun Group,Sun Grand City Ancora Residence,130.0,90.76923370361328,3.0,2.0,Đầy đủ,Đầy đủ,M
Tây Mỗ,Nam Từ Liêm,Tập đoàn MIK Corporation,Imperia Sola Park,75.0,68.0,3.0,2.0,Đầy đủ,Đầy đủ,N
Trung Hòa,Cầu Giấy,Công ty CP Vimeco,Vimeco II - Nguyễn Chánh,151.0,65.0,3.0,2.0,Đầy đủ,Cơ bản,Q
Đức Thượng,Hoài Đức,Tư nhân,Tư nhân,70.0,57.14285659790039,2.0,1.0,Đầy đủ,Đầy đủ,Q
Nguyễn Trãi,Hà Đông,Tư nhân,Tư nhân,47.0,244.68084716796875,4.0,4.0,Đầy đủ,Đầy đủ,M
Tây Mỗ,Nam Từ Liêm,Masterise Homes,Masteri West Heights,41.94,65.56986236572266,1.0,1.0,Hợp đồng mua bán,Đầy đủ,M
Tây Mỗ,Nam Từ Liêm,Tập đoàn Vingroup,The Miami,63.2,59.33544158935547,2.0,2.0,Đầy đủ,Đầy đủ,M
Trung Hòa,Cầu Giấy,Tư nhân,Tư nhân,58.0,151.72413635253906,4.0,4.0,Đầy đủ,Đầy đủ,M
Tứ Liên,Tây Hồ,Tư nhân,Tư nhân,47.0,257.4468078613281,3.0,5.0,Đầy đủ,Đầy đủ,M
Trung Văn,Nam Từ Liêm,Công ty CP Tập đoàn Nam Cường Hà Nội,Khu đô thị mới Phùng Khoang,70.0,285.7142944335937,4.0,3.0,Đầy đủ,Không nội thất,M
Di Trạch,Hoài Đức,Công ty Vietracimex,Hinode Royal Park,100.0,60.0,3.0,2.0,Hợp đồng mua bán,Cơ bản,N
Phú Diễn,Bắc Từ Liêm,Công ty TNHH Thương mại - Quảng cáo - Xây dựng - Địa ốc Việt Hân,Goldmark City,145.0,68.96551513671875,3.0,2.0,Đầy đủ,Đầy đủ,M
Nhân Chính,Thanh Xuân,Công ty CP xây dựng số 1 Hà Nội,The Golden Palm Lê Văn Lương,110.0,72.7272720336914,3.0,2.0,Đầy đủ,Đầy đủ,M
Vĩnh Tuy,Hai Bà Trưng,Công ty CP Tập đoàn Sunshine,Sunshine Garden,140.0,46.42856979370117,4.0,3.0,Đầy đủ,Cơ bản,M
Vân Canh,Hoài Đức,Tư nhân,Tư nhân,30.8,134.74026489257812,4.0,3.0,Đầy đủ,Đầy đủ,M
Phú Thượng,Tây Hồ,Tư nhân,Tư nhân,203.0,443.3497619628906,6.0,5.0,Đầy đủ,Đầy đủ,M
Hà Cầu,Hà Đông,Công ty TNHH Hyundai RNC Hà Tây,Hyundai Hillstate,134.0,64.92537689208984,3.0,2.0,Đầy đủ,Đầy đủ,Q
Vĩnh Tuy,Hai Bà Trưng,Công ty CP Tập đoàn Sunshine,Sunshine Garden,95.0,67.36842346191406,3.0,2.0,Đầy đủ,Đầy đủ,M
Giảng Võ,Ba Đình,Công ty CP Tập đoàn Trung Thủy,Lancaster Hà Nội,126.0,87.30158996582031,3.0,2.0,Đầy đủ,Đầy đủ,M
Sài Đồng,Long Biên,Tư nhân,Tư nhân,48.0,185.4166717529297,4.0,3.0,Đầy đủ,Cơ bản,M
La Khê,Hà Đông,Công ty CP Sông Đà Thăng Long,Usilk City,79.4,51.63727951049805,2.0,2.0,Đầy đủ,Đầy đủ,M
Quang Trung,Đống Đa,Tư nhân,Tư nhân,52.0,306.73077392578125,4.0,3.0,Đầy đủ,Đầy đủ,M
Tây Mỗ,Nam Từ Liêm,Tập đoàn Vingroup,The Tonkin - Vinhomes Smart City,41.2,71.60194396972656,1.0,1.0,Đầy đủ,Cơ bản,M
An Khánh,Hoài Đức,Công ty CP Sông Đà - Hoàng Long,The Golden An Khánh,60.0,53.33333206176758,2.0,2.0,Đầy đủ,Đầy đủ,N
An Khánh,Hoài Đức,Công ty CP Đầu tư Phát triển Đô thị và KCN Sông Đà - Sudico,Khu đô thị Nam An Khánh,240.0,100.0,5.0,5.0,Đầy đủ,Không nội thất,M
Mễ Trì,Nam Từ Liêm,Tập đoàn Vingroup,Vinhomes Green Bay Mễ Trì,72.37,71.85297393798828,2.0,2.0,Đầy đủ,Cao cấp,M
Dương Xá,Gia Lâm,Tập đoàn Vingroup,Vinhomes Ocean Park Gia Lâm,43.0,54.1860466003418,1.0,1.0,Đầy đủ,Đầy đủ,M
Yết Kiêu,Hà Đông,Công ty CP Đầu tư Sài Gòn - Hà Nội,Samsora Premier,97.0,61.03092956542969,3.0,2.0,Đầy đủ,Đầy đủ,M
Tây Mỗ,Nam Từ Liêm,Tập đoàn Vingroup,The Sapphire-Vinhomes Smart City,54.3,48.80294799804688,2.0,2.0,Đầy đủ,Đầy đủ,N
Kim Chung,Hoài Đức,Tư nhân,Tư nhân,30.0,140.0,3.0,4.0,Đầy đủ,Đầy đủ,M
Tây Mỗ,Nam Từ Liêm,Tập đoàn MIK Corporation,Imperia Smart City,74.5,60.40268325805664,3.0,2.0,Hợp đồng mua bán,Đầy đủ,M
Tây Mỗ,Nam Từ Liêm,Masterise Homes,Masteri West Heights,47.0,57.446807861328125,1.0,1.0,Hợp đồng mua bán,Đầy đủ,M
Hoàng Liệt,Hoàng Mai,Công ty CP Tập đoàn Hưng Thịnh,Hà Nội Melody Residences,67.88,60.0,2.0,2.0,Đầy đủ,Cơ bản,M
Trung Văn,Nam Từ Liêm,Công ty CP Xây dựng số 3 - VINACONEX3,Khu đô thị Trung Văn - Vinaconex 3,84.0,48.80952453613281,3.0,2.0,Đầy đủ,Đầy đủ,Q
Quảng An,Tây Hồ,Tư nhân,Tư nhân,136.0,382.3529357910156,18.0,18.0,Đầy đủ,Đầy đủ,M
Quảng An,Tây Hồ,Tư nhân,Tư nhân,442.0,429.8642578125,8.0,8.0,Đầy đủ,Cơ bản,M
Tây Mỗ,Nam Từ Liêm,Tập đoàn Vingroup,The Sapphire-Vinhomes Smart City,43.0,61.627906799316406,1.0,1.0,Đầy đủ,Không nội thất,N
Đa Tốn,Gia Lâm,Tập đoàn Vingroup,Vinhomes Ocean Park Gia Lâm,62.6,45.527156829833984,2.0,2.0,Đầy đủ,Đầy đủ,M
Mỗ Lao,Hà Đông,CapitaLand Development (Việt Nam),Mulberry Lane,89.6,55.80357360839844,2.0,2.0,Đầy đủ,Đầy đủ,M
Tây Mỗ,Nam Từ Liêm,Tập đoàn Vingroup,The Miami,54.8,51.09489059448242,2.0,1.0,Đầy đủ,Đầy đủ,M
Láng Thượng,Đống Đa,Tư nhân,Tư nhân,88.0,286.3636474609375,5.0,5.0,Đầy đủ,Đầy đủ,M
Trung Văn,Nam Từ Liêm,Công ty CP Đầu tư và Thương mại Thủ Đô,Ecolife Capitol,110.0,53.6363639831543,3.0,2.0,Đầy đủ,Đầy đủ,M
Yên Sở,Hoàng Mai,Công ty CP Xuất nhập khẩu tổng hợp Hà Nội - Geleximco,Gelexia Riverside,74.0,60.81081008911133,2.0,2.0,Đầy đủ,Đầy đủ,M
Thanh Xuân Trung,Thanh Xuân,Công ty CP Sông Đà 7,Khu nhà ở 90 Nguyễn Tuân,72.0,69.44444274902344,2.0,2.0,Đầy đủ,Đầy đủ,M
Tây Mỗ,Nam Từ Liêm,Tập đoàn MIK Corporation,Imperia Smart City,76.0,59.8684196472168,3.0,2.0,Đầy đủ,Cơ bản,M
Tây Mỗ,Nam Từ Liêm,Tập đoàn Vingroup,The Miami,82.0,51.219512939453125,3.0,2.0,Đầy đủ,Đầy đủ,M
Tây Mỗ,Nam Từ Liêm,Tập đoàn MIK Corporation,Imperia Smart City,55.1,63.5208740234375,2.0,1.0,Đầy đủ,Đầy đủ,M
Cầu Diễn,Nam Từ Liêm,Công ty CP Đầu tư & Phát triển Hạ tầng Hoàng Thành,Hoàng Thành Pearl,118.0,63.55932235717773,3.0,2.0,Hợp đồng mua bán,Đầy đủ,M
Yên Hòa,Cầu Giấy,Công ty CP Đầu tư Văn Phú - Invest,Home City Trung Kính,98.0,71.42857360839844,2.0,2.0,Đầy đủ,Đầy đủ,M
Vĩnh Tuy,Hai Bà Trưng,Tập đoàn Vingroup,Times City,75.0,93.33333587646484,2.0,2.0,Đầy đủ,Đầy đủ,M
Vĩnh Tuy,Hai Bà Trưng,Công ty CP Nông sản Agrexim,Hòa Bình Green City,115.0,69.56521606445312,3.0,2.0,Đầy đủ,Đầy đủ,Q
Liễu Giai,Ba Đình,Tư nhân,Tư nhân,143.0,290.20977783203125,4.0,4.0,Đầy đủ,Đầy đủ,M
Trung Hòa,Cầu Giấy,Tổng công ty CP Xuất nhập khẩu và Xây dựng Việt Nam,Khu đô thị Trung Hòa - Nhân Chính,119.0,54.621849060058594,2.0,2.0,Đầy đủ,Đầy đủ,M
Đông Ngạc,Bắc Từ Liêm,Tư nhân,Tư nhân,56.0,89.28571319580078,2.0,2.0,Đầy đủ,Đầy đủ,M
Phúc Đồng,Long Biên,Công ty CP Tập đoàn Sunshine,Sunshine Green Iconic,165.0,74.54545593261719,3.0,3.0,Hợp đồng mua bán,Cơ bản,Q
