Xã/Phường,Quận/Huyện,Chủ đầu tư,Diện tích,Mức giá,Số phòng ngủ,Số toilet,Pháp lý,Nội thất,Mặt tiền,Hướng nhà,Thông tin khác,Lịch sử giá
Phường Phú Thượng,Tây Hồ,Kita Group,150 m²,"45,48 tỷ",5 phòng,4 phòng,Sổ đỏ/ Sổ hồng,Không có thông tin,7 m,Đông - Nam,"Đường vào: 13,5 m; Hướng ban công: Đông - Nam; Số tầng: 4 tầng",Không có dữ liệu lịch sử giá
Xã Đa Tốn,Gia Lâm,Đang cập nhật,45 m²,Thỏa thuận,1 phòng,1 phòng,Sổ đỏ/ Sổ hồng,Cơ bản,Không có thông tin,Đông - Bắc,Hướng ban công: Đông - Nam,Không có dữ liệu lịch sử giá
Xã Đông Hội,Đông Anh,Tập đoàn Vingroup,64 m²,"14,2 tỷ",Không có thông tin,Không có thông tin,Sổ đỏ/ Sổ hồng,Không có thông tin,Không có thông tin,Không có thông tin,,Không có dữ liệu lịch sử giá
Phường Láng Hạ,Đống Đa,Tổng Công ty Đầu tư và Phát triển nhà Hà Nội (HANDICO),122 m²,72 triệu/m²,3 phòng,2 phòng,Sổ đỏ/ Sổ hồng,Full,Không có thông tin,Tây - Nam,Hướng ban công: Đông - Bắc,"Giá Q3/22:: 40,5 tr/m²; Giá Q3/22:: 40,5 tr/m²; Giá Q4/22:: 40,6 tr/m²; Giá Q4/22:: 40,6 tr/m²; Giá Q4/22:: 40,6 tr/m²; Giá Q1/23:: 41 tr/m²; Giá Q1/23:: 41 tr/m²; Giá Q1/23:: 41 tr/m²; Giá Q2/23:: 41,1 tr/m²; Giá Q2/23:: 41,1 tr/m²; Giá Q2/23:: 41,1 tr/m²; Giá Q3/23:: 41,8 tr/m²; Giá Q3/23:: 41,8 tr/m²; Giá Q3/23:: 41,8 tr/m²; Giá Q4/23:: 41,8 tr/m²; Giá Q4/23:: 41,8 tr/m²; Giá Q4/23:: 41,8 tr/m²; Giá Q1/24:: 42,3 tr/m²; Giá Q1/24:: 42,3 tr/m²; Giá Q1/24:: 42,3 tr/m²; Giá Q2/24:: 54,2 tr/m²; Giá Q2/24:: 54,2 tr/m²; Giá Q2/24:: 54,2 tr/m²; Giá Q3/24:: 58,5 tr/m²; Giá Q3/24:: 58,5 tr/m²; : "
Phường Mễ Trì,Nam Từ Liêm,Tập đoàn Vingroup,"83,82 m²","5,1 tỷ",3 phòng,2 phòng,Có sổ.,Đầy đủ nội thất. Nội thất hoàn thiện đầy đủ cho gia đình ở lâu dài.,Không có thông tin,Không có thông tin,Hướng ban công: Đông - Nam,"Giá T10/22:: 51,4 tr/m²; Giá T11/22:: 56,6 tr/m²; Giá T12/22:: 51,8 tr/m²; Giá T1/23:: 49 tr/m²; Giá T2/23:: 52,8 tr/m²; Giá T3/23:: 48,9 tr/m²; Giá T4/23:: 48,3 tr/m²; Giá T5/23:: 52,7 tr/m²; Giá T6/23:: 52,3 tr/m²; Giá T7/23:: 50 tr/m²; Giá T8/23:: 51,5 tr/m²; Giá T9/23:: 53,2 tr/m²; Giá T10/23:: 53,4 tr/m²; Giá T11/23:: 54,4 tr/m²; Giá T12/23:: 52,3 tr/m²; Giá T1/24:: 51,8 tr/m²; Giá T2/24:: 49,8 tr/m²; Giá T3/24:: 55,7 tr/m²; Giá T4/24:: 57 tr/m²; Giá T5/24:: 56,4 tr/m²; Giá T6/24:: 57,8 tr/m²; Giá T7/24:: 60 tr/m²; Giá T8/24:: 57,3 tr/m²; Giá T9/24:: 60,8 tr/m²; Giá T10/24:: 66,6 tr/m²; : "
Tây Mỗ,Nam Từ Liêm,Tập đoàn MIK Corporation,"76,2 m²","4,95 tỷ",3 phòng,2 phòng,Sổ đỏ/ Sổ hồng,Đầy đủ,Không có thông tin,Không có thông tin,,"Giá T10/22:: 48,2 tr/m²; Giá T11/22:: 46,2 tr/m²; Giá T12/22:: 45 tr/m²; Giá T1/23:: 46,5 tr/m²; Giá T2/23:: 48 tr/m²; Giá T3/23:: 44,6 tr/m²; Giá T4/23:: 43,6 tr/m²; Giá T5/23:: 46,1 tr/m²; Giá T6/23:: 44,6 tr/m²; Giá T7/23:: 45,3 tr/m²; Giá T8/23:: 45,3 tr/m²; Giá T9/23:: 46,6 tr/m²; Giá T10/23:: 47,5 tr/m²; Giá T11/23:: 50,3 tr/m²; Giá T12/23:: 51,8 tr/m²; Giá T1/24:: 53,1 tr/m²; Giá T2/24:: 55,1 tr/m²; Giá T3/24:: 57 tr/m²; Giá T4/24:: 58,2 tr/m²; Giá T5/24:: 58,4 tr/m²; Giá T6/24:: 60,4 tr/m²; Giá T7/24:: 62,5 tr/m²; Giá T8/24:: 63,8 tr/m²; Giá T9/24:: 67,3 tr/m²; Giá T10/24:: 68,2 tr/m²; : "
Láng Hạ,Đống Đa,Công ty CP Đầu tư Địa ốc Sông Hồng,120 m²,"7,5 tỷ",3 phòng,2 phòng,Sổ đỏ/ Sổ hồng,Đầy đủ,Không có thông tin,Tây - Nam,Hướng ban công: Đông - Bắc,"Giá Q3/22:: 42,9 tr/m²; Giá Q3/22:: 42,9 tr/m²; Giá Q4/22:: 42,8 tr/m²; Giá Q4/22:: 42,8 tr/m²; Giá Q4/22:: 42,8 tr/m²; Giá Q1/23:: 43 tr/m²; Giá Q1/23:: 43 tr/m²; Giá Q1/23:: 43 tr/m²; Giá Q2/23:: 46,4 tr/m²; Giá Q2/23:: 46,4 tr/m²; Giá Q2/23:: 46,4 tr/m²; Giá Q3/23:: 48 tr/m²; Giá Q3/23:: 48 tr/m²; Giá Q3/23:: 48 tr/m²; Giá Q4/23:: 50 tr/m²; Giá Q4/23:: 50 tr/m²; Giá Q4/23:: 50 tr/m²; Giá Q1/24:: 58 tr/m²; Giá Q1/24:: 58 tr/m²; Giá Q1/24:: 58 tr/m²; Giá Q2/24:: 62,5 tr/m²; Giá Q2/24:: 62,5 tr/m²; Giá Q2/24:: 62,5 tr/m²; Giá Q3/24:: 64,9 tr/m²; Giá Q3/24:: 64,9 tr/m²; : "
Xã Dương Xá,Gia Lâm,Tập đoàn Vingroup,89 m²,"18,5 tỷ",Không có thông tin,Không có thông tin,Sổ đỏ/ Sổ hồng,Đầy đủ.,"7,5 m",Tây - Bắc,Đường vào: 13 m; Số tầng: 4 tầng,"Giá T10/22:: 215,3 tr/m²; Giá T11/22:: 200 tr/m²; Giá T12/22:: 177,8 tr/m²; Giá T1/23:: 175 tr/m²; Giá T2/23:: 165 tr/m²; Giá T3/23:: 160 tr/m²; Giá T4/23:: 164,3 tr/m²; Giá T5/23:: 159,7 tr/m²; Giá T6/23:: 160 tr/m²; Giá T7/23:: 160,7 tr/m²; Giá T8/23:: 166,7 tr/m²; Giá T9/23:: 184,3 tr/m²; Giá T10/23:: 188,6 tr/m²; Giá T11/23:: 188,5 tr/m²; Giá T12/23:: 180,6 tr/m²; Giá T1/24:: 185,7 tr/m²; Giá T2/24:: 196,6 tr/m²; Giá T3/24:: 190 tr/m²; Giá T4/24:: 198,7 tr/m²; Giá T5/24:: 198 tr/m²; Giá T6/24:: 200 tr/m²; Giá T7/24:: 204,8 tr/m²; Giá T8/24:: 205,6 tr/m²; Giá T9/24:: 216,7 tr/m²; Giá T10/24:: 228,8 tr/m²; : "
Phường Hoàng Liệt,Hoàng Mai,Công ty CP Tập đoàn Hưng Thịnh,74 m²,53 triệu,2 phòng,2 phòng,Sổ đỏ/ Sổ hồng,Cơ bản,Không có thông tin,Đông - Nam,Hướng ban công: Đông - Nam,"Giá T10/22:: 33,3 tr/m²; Giá T11/22:: 31,3 tr/m²; Giá T12/22:: 30 tr/m²; Giá T1/23:: 30 tr/m²; Giá T2/23:: 29,4 tr/m²; Giá T3/23:: 28 tr/m²; Giá T4/23:: 32 tr/m²; Giá T5/23:: 30,9 tr/m²; Giá T6/23:: 31,6 tr/m²; Giá T7/23:: 30,3 tr/m²; Giá T8/23:: 29,6 tr/m²; Giá T9/23:: 29,9 tr/m²; Giá T10/23:: 30 tr/m²; Giá T11/23:: 30,8 tr/m²; Giá T12/23:: 33,4 tr/m²; Giá T1/24:: 31 tr/m²; Giá T2/24:: 34,1 tr/m²; Giá T3/24:: 35 tr/m²; Giá T4/24:: 40 tr/m²; Giá T5/24:: 43,9 tr/m²; Giá T6/24:: 40 tr/m²; Giá T7/24:: 43,9 tr/m²; Giá T8/24:: 50,5 tr/m²; Giá T9/24:: 54,9 tr/m²; Giá T10/24:: 62 tr/m²; : "
Phường Bến Nghé,Quận 1,Tập đoàn Vingroup,50 m²,18 triệu/tháng,1 phòng,1 phòng,Hợp đồng mua bán,Đầy đủ,Không có thông tin,Không có thông tin,Hướng ban công: Nam,"Giá T10/22:: 31,6 tr/tháng; Giá T11/22:: 25 tr/tháng; Giá T12/22:: 30 tr/tháng; Giá T1/23:: 28,7 tr/tháng; Giá T2/23:: 24 tr/tháng; Giá T3/23:: 24 tr/tháng; Giá T4/23:: 27,4 tr/tháng; Giá T5/23:: 30 tr/tháng; Giá T6/23:: 28 tr/tháng; Giá T7/23:: 27,5 tr/tháng; Giá T8/23:: 25 tr/tháng; Giá T9/23:: 25,2 tr/tháng; Giá T10/23:: 29,3 tr/tháng; Giá T11/23:: 27,6 tr/tháng; Giá T12/23:: 27,3 tr/tháng; Giá T1/24:: 28,1 tr/tháng; Giá T2/24:: 27,8 tr/tháng; Giá T3/24:: 28 tr/tháng; Giá T4/24:: 27,2 tr/tháng; Giá T5/24:: 28 tr/tháng; Giá T6/24:: 28 tr/tháng; Giá T7/24:: 28 tr/tháng; Giá T8/24:: 30 tr/tháng; Giá T9/24:: 29 tr/tháng; Giá T10/24:: 27 tr/tháng; : "
Dương Xá,Gia Lâm,Tập đoàn Vingroup,285 m²,130 tỷ,Không có thông tin,Không có thông tin,Sổ đỏ/ Sổ hồng,Không nội thất,19 m,Tây - Nam,Hướng ban công: Tây - Nam; Số tầng: 5 tầng,"Giá T10/22:: 215,3 tr/m²; Giá T11/22:: 200 tr/m²; Giá T12/22:: 177,8 tr/m²; Giá T1/23:: 175 tr/m²; Giá T2/23:: 165 tr/m²; Giá T3/23:: 160 tr/m²; Giá T4/23:: 164,3 tr/m²; Giá T5/23:: 159,7 tr/m²; Giá T6/23:: 160 tr/m²; Giá T7/23:: 160,7 tr/m²; Giá T8/23:: 166,7 tr/m²; Giá T9/23:: 184,3 tr/m²; Giá T10/23:: 188,6 tr/m²; Giá T11/23:: 188,5 tr/m²; Giá T12/23:: 180,6 tr/m²; Giá T1/24:: 185,7 tr/m²; Giá T2/24:: 196,6 tr/m²; Giá T3/24:: 190 tr/m²; Giá T4/24:: 198,7 tr/m²; Giá T5/24:: 198 tr/m²; Giá T6/24:: 200 tr/m²; Giá T7/24:: 204,8 tr/m²; Giá T8/24:: 205,6 tr/m²; Giá T9/24:: 216,7 tr/m²; Giá T10/24:: 228,8 tr/m²; : "
Dương Xá,Gia Lâm,Tập đoàn Vingroup,"255,4 m²",115 tỷ,Không có thông tin,Không có thông tin,Sổ đỏ/ Sổ hồng,Đầy đủ,"29,5 m",Tây - Bắc,Hướng ban công: Tây - Bắc; Số tầng: 5 tầng,"Giá T10/22:: 215,3 tr/m²; Giá T11/22:: 200 tr/m²; Giá T12/22:: 177,8 tr/m²; Giá T1/23:: 175 tr/m²; Giá T2/23:: 165 tr/m²; Giá T3/23:: 160 tr/m²; Giá T4/23:: 164,3 tr/m²; Giá T5/23:: 159,7 tr/m²; Giá T6/23:: 160 tr/m²; Giá T7/23:: 160,7 tr/m²; Giá T8/23:: 166,7 tr/m²; Giá T9/23:: 184,3 tr/m²; Giá T10/23:: 188,6 tr/m²; Giá T11/23:: 188,5 tr/m²; Giá T12/23:: 180,6 tr/m²; Giá T1/24:: 185,7 tr/m²; Giá T2/24:: 196,6 tr/m²; Giá T3/24:: 190 tr/m²; Giá T4/24:: 198,7 tr/m²; Giá T5/24:: 198 tr/m²; Giá T6/24:: 200 tr/m²; Giá T7/24:: 204,8 tr/m²; Giá T8/24:: 205,6 tr/m²; Giá T9/24:: 216,7 tr/m²; Giá T10/24:: 228,8 tr/m²; : "
Dương Xá,Gia Lâm,Tập đoàn Vingroup,"368,6 m²",112 tỷ,Không có thông tin,Không có thông tin,Sổ đỏ/ Sổ hồng,Không nội thất,48 m,Không có thông tin,Số tầng: 5 tầng,"Giá T10/22:: 199,1 tr/m²; Giá T11/22:: 219,1 tr/m²; Giá T12/22:: 185,4 tr/m²; Giá T1/23:: 157,2 tr/m²; Giá T2/23:: 175,6 tr/m²; Giá T3/23:: 147 tr/m²; Giá T4/23:: 149,5 tr/m²; Giá T5/23:: 134,5 tr/m²; Giá T6/23:: 170 tr/m²; Giá T7/23:: 146,6 tr/m²; Giá T8/23:: 167,4 tr/m²; Giá T9/23:: 165,2 tr/m²; : ; : ; : ; Giá T1/24:: 192,4 tr/m²; Giá T2/24:: 203,2 tr/m²; Giá T3/24:: 222,3 tr/m²; Giá T4/24:: 190,8 tr/m²; : ; : ; Giá T7/24:: 195 tr/m²; Giá T8/24:: 196,6 tr/m²; : ; : ; : "
Dương Xá,Gia Lâm,Tập đoàn Vingroup,"295,8 m²",102 tỷ,Không có thông tin,Không có thông tin,Sổ đỏ/ Sổ hồng,Không nội thất,32 m,Đông - Nam,Hướng ban công: Đông - Nam; Số tầng: 5 tầng,"Giá T10/22:: 215,3 tr/m²; Giá T11/22:: 200 tr/m²; Giá T12/22:: 177,8 tr/m²; Giá T1/23:: 175 tr/m²; Giá T2/23:: 165 tr/m²; Giá T3/23:: 160 tr/m²; Giá T4/23:: 164,3 tr/m²; Giá T5/23:: 159,7 tr/m²; Giá T6/23:: 160 tr/m²; Giá T7/23:: 160,7 tr/m²; Giá T8/23:: 166,7 tr/m²; Giá T9/23:: 184,3 tr/m²; Giá T10/23:: 188,6 tr/m²; Giá T11/23:: 188,5 tr/m²; Giá T12/23:: 180,6 tr/m²; Giá T1/24:: 185,7 tr/m²; Giá T2/24:: 196,6 tr/m²; Giá T3/24:: 190 tr/m²; Giá T4/24:: 198,7 tr/m²; Giá T5/24:: 198 tr/m²; Giá T6/24:: 200 tr/m²; Giá T7/24:: 204,8 tr/m²; Giá T8/24:: 205,6 tr/m²; Giá T9/24:: 216,7 tr/m²; Giá T10/24:: 228,8 tr/m²; : "
Xã Dương Xá,Gia Lâm,Tập đoàn Vingroup,59 m²,"2,6 tỷ",2 phòng,1 phòng,Sổ đỏ/ Sổ hồng.,Không có thông tin,Không có thông tin,Không có thông tin,,"Giá T10/22:: 31,6 tr/m²; Giá T11/22:: 30,6 tr/m²; Giá T12/22:: 29,8 tr/m²; Giá T1/23:: 29,8 tr/m²; Giá T2/23:: 29,7 tr/m²; Giá T3/23:: 30,2 tr/m²; Giá T4/23:: 30,7 tr/m²; Giá T5/23:: 30,7 tr/m²; Giá T6/23:: 30,7 tr/m²; Giá T7/23:: 30,2 tr/m²; Giá T8/23:: 30,6 tr/m²; : ; : ; : ; : ; Giá T1/24:: 33,4 tr/m²; Giá T2/24:: 33,8 tr/m²; Giá T3/24:: 36,4 tr/m²; Giá T4/24:: 39,4 tr/m²; Giá T5/24:: 39,1 tr/m²; Giá T6/24:: 40,3 tr/m²; Giá T7/24:: 41,7 tr/m²; Giá T8/24:: 45,4 tr/m²; Giá T9/24:: 48 tr/m²; Giá T10/24:: 50,7 tr/m²; : "
Quảng An,Tây Hồ,Tân Hoàng Minh Group,222 m²,Thỏa thuận,Không có thông tin,Không có thông tin,Không có thông tin,Không có thông tin,Không có thông tin,Không có thông tin,,"Giá T10/22:: 75,7 tr/m²; Giá T11/22:: 79,6 tr/m²; Giá T12/22:: 77,3 tr/m²; Giá T1/23:: 73 tr/m²; Giá T2/23:: 82,2 tr/m²; Giá T3/23:: 81,3 tr/m²; Giá T4/23:: 85,2 tr/m²; Giá T5/23:: 77,2 tr/m²; Giá T6/23:: 70,3 tr/m²; Giá T7/23:: 78,7 tr/m²; Giá T8/23:: 75,8 tr/m²; Giá T9/23:: 86,2 tr/m²; Giá T10/23:: 86,2 tr/m²; Giá T11/23:: 90,9 tr/m²; Giá T12/23:: 90,4 tr/m²; Giá T1/24:: 90,9 tr/m²; Giá T2/24:: 89,2 tr/m²; Giá T3/24:: 93,7 tr/m²; Giá T4/24:: 87,9 tr/m²; Giá T5/24:: 85,6 tr/m²; Giá T6/24:: 102,5 tr/m²; Giá T7/24:: 106,8 tr/m²; Giá T8/24:: 106,2 tr/m²; Giá T9/24:: 104,4 tr/m²; Giá T10/24:: 112 tr/m²; : "
Xã An Khánh,Hoài Đức,Công ty CP Xuất nhập khẩu tổng hợp Hà Nội - Geleximco,120 m²,Thỏa thuận,Không có thông tin,Không có thông tin,Sổ đỏ,Không có thông tin,6 m,Tây - Nam,"Đường vào: 13,5 m; Số tầng: 4 tầng","Giá Q1/23:: 95,8 tr/m²; Giá Q1/23:: 95,8 tr/m²; Giá Q1/23:: 95,8 tr/m²; Giá Q2/23:: 112,5 tr/m²; Giá Q2/23:: 112,5 tr/m²; Giá Q2/23:: 112,5 tr/m²; Giá Q2/23:: 112,5 tr/m²; Giá Q3/23:: 112,6 tr/m²; Giá Q3/23:: 112,6 tr/m²; Giá Q3/23:: 112,6 tr/m²; Giá Q3/23:: 112,6 tr/m²; Giá Q4/23:: 125 tr/m²; Giá Q4/23:: 125 tr/m²; Giá Q4/23:: 125 tr/m²; Giá Q4/23:: 125 tr/m²; Giá Q1/24:: 138,3 tr/m²; Giá Q1/24:: 138,3 tr/m²; Giá Q1/24:: 138,3 tr/m²; Giá Q1/24:: 138,3 tr/m²; Giá Q2/24:: 171,3 tr/m²; Giá Q2/24:: 171,3 tr/m²; Giá Q2/24:: 171,3 tr/m²; Giá Q2/24:: 171,3 tr/m²; Giá Q3/24:: 190,9 tr/m²; Giá Q3/24:: 190,9 tr/m²; : "
Phường Phú Diễn,Bắc Từ Liêm,Công ty TNHH Thương mại - Quảng cáo - Xây dựng - Địa ốc Việt Hân,162 m²,Thỏa thuận,4 phòng,3 phòng,Sổ đỏ/ Sổ hồng,Đầy đủ,Không có thông tin,Tây - Bắc,Hướng ban công: Đông - Nam,"Giá T10/22:: 37,4 tr/m²; Giá T11/22:: 37,2 tr/m²; Giá T12/22:: 37,2 tr/m²; Giá T1/23:: 35,7 tr/m²; Giá T2/23:: 35,9 tr/m²; Giá T3/23:: 36,2 tr/m²; Giá T4/23:: 37,3 tr/m²; Giá T5/23:: 37 tr/m²; Giá T6/23:: 36,9 tr/m²; Giá T7/23:: 37,2 tr/m²; Giá T8/23:: 38,2 tr/m²; Giá T9/23:: 39,4 tr/m²; Giá T10/23:: 40,4 tr/m²; Giá T11/23:: 42,9 tr/m²; Giá T12/23:: 43 tr/m²; Giá T1/24:: 44,1 tr/m²; Giá T2/24:: 44,9 tr/m²; Giá T3/24:: 49,1 tr/m²; Giá T4/24:: 50 tr/m²; Giá T5/24:: 50 tr/m²; Giá T6/24:: 50 tr/m²; Giá T7/24:: 52,6 tr/m²; Giá T8/24:: 57,4 tr/m²; Giá T9/24:: 60,6 tr/m²; Giá T10/24:: 63,7 tr/m²; : "
Xã Đông Hội,Đông Anh,Tập đoàn Vingroup,63 m²,18 tỷ,Không có thông tin,Không có thông tin,Hợp đồng mua bán,Không có thông tin,Không có thông tin,Không có thông tin,Số tầng: 4 tầng,Không có dữ liệu lịch sử giá
Xã Dương Xá,Gia Lâm,Tập đoàn Vingroup,66 m²,"2,9 tỷ",2 phòng,2 phòng,Sổ đỏ/ Sổ hồng,Không có thông tin,Không có thông tin,Đông - Nam,Hướng ban công: Đông - Nam,"Giá T10/22:: 31,6 tr/m²; Giá T11/22:: 30,6 tr/m²; Giá T12/22:: 29,8 tr/m²; Giá T1/23:: 29,8 tr/m²; Giá T2/23:: 29,7 tr/m²; Giá T3/23:: 30,2 tr/m²; Giá T4/23:: 30,7 tr/m²; Giá T5/23:: 30,7 tr/m²; Giá T6/23:: 30,7 tr/m²; Giá T7/23:: 30,2 tr/m²; Giá T8/23:: 30,6 tr/m²; Giá T9/23:: 31,3 tr/m²; Giá T10/23:: 31,9 tr/m²; Giá T11/23:: 32,4 tr/m²; Giá T12/23:: 32,4 tr/m²; Giá T1/24:: 33,4 tr/m²; Giá T2/24:: 33,8 tr/m²; Giá T3/24:: 36,4 tr/m²; Giá T4/24:: 39,4 tr/m²; Giá T5/24:: 39,1 tr/m²; Giá T6/24:: 40,3 tr/m²; Giá T7/24:: 41,7 tr/m²; Giá T8/24:: 45,4 tr/m²; Giá T9/24:: 48 tr/m²; Giá T10/24:: 50,7 tr/m²; : "
Xã Đa Tốn,Gia Lâm,Masterise Homes,54 m²,"3,95 tỷ",2 phòng,2 phòng,Hợp đồng mua bán,Đầy đủ,Không có thông tin,Tây - Bắc,Hướng ban công: Đông - Nam,"Giá T10/22:: 61,9 tr/m²; Giá T11/22:: 58,1 tr/m²; Giá T12/22:: 57,8 tr/m²; Giá T1/23:: 59,8 tr/m²; Giá T2/23:: 60,8 tr/m²; Giá T3/23:: 57,8 tr/m²; Giá T4/23:: 58,6 tr/m²; Giá T5/23:: 58,6 tr/m²; Giá T6/23:: 60 tr/m²; Giá T7/23:: 57,5 tr/m²; Giá T8/23:: 60 tr/m²; Giá T9/23:: 60 tr/m²; Giá T10/23:: 54,2 tr/m²; Giá T11/23:: 55,1 tr/m²; Giá T12/23:: 54,7 tr/m²; Giá T1/24:: 53,7 tr/m²; Giá T2/24:: 58 tr/m²; Giá T3/24:: 55,2 tr/m²; Giá T4/24:: 56,3 tr/m²; Giá T5/24:: 62,2 tr/m²; Giá T6/24:: 62,6 tr/m²; Giá T7/24:: 63,6 tr/m²; Giá T8/24:: 65,4 tr/m²; Giá T9/24:: 68,1 tr/m²; Giá T10/24:: 71,3 tr/m²; : "
Đông Hội,Đông Anh,Tập đoàn Vingroup,65 m²,Thỏa thuận,2 phòng,2 phòng,Sổ đỏ/ Sổ hồng,Không có thông tin,Không có thông tin,Không có thông tin,,Không có dữ liệu lịch sử giá
Xã Dương Xá,Gia Lâm,Tập đoàn Vingroup,"270,8 m²",129 tỷ,Không có thông tin,Không có thông tin,Sổ đỏ/ Sổ hồng,Không nội thất,Không có thông tin,Tây - Bắc,Hướng ban công: Tây - Nam; Số tầng: 5 tầng,"Giá T10/22:: 215,3 tr/m²; Giá T11/22:: 200 tr/m²; Giá T12/22:: 177,8 tr/m²; Giá T1/23:: 175 tr/m²; Giá T2/23:: 165 tr/m²; Giá T3/23:: 160 tr/m²; Giá T4/23:: 164,3 tr/m²; Giá T5/23:: 159,7 tr/m²; Giá T6/23:: 160 tr/m²; Giá T7/23:: 160,7 tr/m²; Giá T8/23:: 166,7 tr/m²; Giá T9/23:: 184,3 tr/m²; Giá T10/23:: 188,6 tr/m²; Giá T11/23:: 188,5 tr/m²; Giá T12/23:: 180,6 tr/m²; Giá T1/24:: 185,7 tr/m²; Giá T2/24:: 196,6 tr/m²; Giá T3/24:: 190 tr/m²; Giá T4/24:: 198,7 tr/m²; Giá T5/24:: 198 tr/m²; Giá T6/24:: 200 tr/m²; Giá T7/24:: 204,8 tr/m²; Giá T8/24:: 205,6 tr/m²; Giá T9/24:: 216,7 tr/m²; Giá T10/24:: 228,8 tr/m²; : "
Phường Thượng Đình,Thanh Xuân,Tập đoàn Vingroup,130 m²,"10,5 tỷ",3 phòng,2 phòng,Sổ đỏ/ Sổ hồng,Không có thông tin,Không có thông tin,Đông - Nam,Hướng ban công: Đông - Nam,"Giá T10/22:: 51,7 tr/m²; Giá T11/22:: 51,1 tr/m²; Giá T12/22:: 51,6 tr/m²; Giá T1/23:: 47,3 tr/m²; Giá T2/23:: 51,6 tr/m²; Giá T3/23:: 54,3 tr/m²; Giá T4/23:: 56,5 tr/m²; Giá T5/23:: 54,1 tr/m²; Giá T6/23:: 54 tr/m²; Giá T7/23:: 55,4 tr/m²; Giá T8/23:: 58,7 tr/m²; Giá T9/23:: 57,2 tr/m²; Giá T10/23:: 58,6 tr/m²; Giá T11/23:: 62,6 tr/m²; Giá T12/23:: 62,4 tr/m²; Giá T1/24:: 65 tr/m²; Giá T2/24:: 68,6 tr/m²; Giá T3/24:: 73,3 tr/m²; Giá T4/24:: 76,7 tr/m²; Giá T5/24:: 78 tr/m²; Giá T6/24:: 78,4 tr/m²; Giá T7/24:: 76,2 tr/m²; Giá T8/24:: 84,5 tr/m²; Giá T9/24:: 83,4 tr/m²; Giá T10/24:: 84,1 tr/m²; : "
Xã Đông Hội,Đông Anh,Tập đoàn Vingroup,32 m²,120 triệu/m²,1 phòng,1 phòng,Sổ đỏ/ Sổ hồng,Đầy đủ,Không có thông tin,Không có thông tin,,Không có dữ liệu lịch sử giá
Xã Đông Hội,Đông Anh,Tập đoàn Vingroup,"26,9 m²","120,8 triệu/m²",1 phòng,1 phòng,Sổ đỏ/ Sổ hồng,Không có thông tin,Không có thông tin,Đông - Nam,Hướng ban công: Đông - Bắc,Không có dữ liệu lịch sử giá
Thị trấn Thường Tín,Thường Tín,Đang cập nhật,70 m²,"9,9 tỷ",Không có thông tin,Không có thông tin,Sổ đỏ/ Sổ hồng,Không có thông tin,5 m,Không có thông tin,,Không có dữ liệu lịch sử giá
Phường Quảng An,Tây Hồ,Tân Hoàng Minh Group,"222,4 m²","30,87 tỷ",4 phòng,3 phòng,Sổ đỏ/ Sổ hồng,Semi outfit,Không có thông tin,Không có thông tin,Hướng ban công: Tây - Bắc,"Giá T10/22:: 75,7 tr/m²; Giá T11/22:: 79,6 tr/m²; Giá T12/22:: 77,3 tr/m²; Giá T1/23:: 73 tr/m²; Giá T2/23:: 82,2 tr/m²; Giá T3/23:: 81,3 tr/m²; Giá T4/23:: 85,2 tr/m²; Giá T5/23:: 77,2 tr/m²; Giá T6/23:: 70,3 tr/m²; Giá T7/23:: 78,7 tr/m²; Giá T8/23:: 75,8 tr/m²; Giá T9/23:: 86,2 tr/m²; Giá T10/23:: 86,2 tr/m²; Giá T11/23:: 90,9 tr/m²; Giá T12/23:: 90,4 tr/m²; Giá T1/24:: 90,9 tr/m²; Giá T2/24:: 89,2 tr/m²; Giá T3/24:: 93,7 tr/m²; Giá T4/24:: 87,9 tr/m²; Giá T5/24:: 85,6 tr/m²; Giá T6/24:: 102,5 tr/m²; Giá T7/24:: 106,8 tr/m²; Giá T8/24:: 106,2 tr/m²; Giá T9/24:: 104,4 tr/m²; Giá T10/24:: 112 tr/m²; : "
Xã Dương Xá,Gia Lâm,Tập đoàn Vingroup,74 m²,"3,5 tỷ",3 phòng,2 phòng,Sổ đỏ/ Sổ hồng.,Đầy đủ.,Không có thông tin,Đông - Nam,Hướng ban công: Đông - Nam,"Giá T10/22:: 31,6 tr/m²; Giá T11/22:: 30,6 tr/m²; Giá T12/22:: 29,8 tr/m²; Giá T1/23:: 29,8 tr/m²; Giá T2/23:: 29,7 tr/m²; Giá T3/23:: 30,2 tr/m²; Giá T4/23:: 30,7 tr/m²; Giá T5/23:: 30,7 tr/m²; Giá T6/23:: 30,7 tr/m²; Giá T7/23:: 30,2 tr/m²; Giá T8/23:: 30,6 tr/m²; Giá T9/23:: 31,3 tr/m²; Giá T10/23:: 31,9 tr/m²; Giá T11/23:: 32,4 tr/m²; Giá T12/23:: 32,4 tr/m²; Giá T1/24:: 33,4 tr/m²; Giá T2/24:: 33,8 tr/m²; Giá T3/24:: 36,4 tr/m²; Giá T4/24:: 39,4 tr/m²; Giá T5/24:: 39,1 tr/m²; Giá T6/24:: 40,3 tr/m²; Giá T7/24:: 41,7 tr/m²; Giá T8/24:: 45,4 tr/m²; Giá T9/24:: 48 tr/m²; Giá T10/24:: 50,7 tr/m²; : "
Phường Tây Mỗ,Nam Từ Liêm,Tập đoàn Vingroup,"54,3 m²","2,8 tỷ",2 phòng,1 phòng,Sổ đỏ/ Sổ hồng.,Đầy đủ.,Không có thông tin,Tây - Bắc,Hướng ban công: Đông - Nam,Không có dữ liệu lịch sử giá
Xã Đa Tốn,Gia Lâm,Tập đoàn Vingroup,"36,5 m²","1,6 tỷ",1 phòng,1 phòng,Sổ đỏ.,"Căn hộ được thiết kế và làm nội thất cao cấp, ốp gỗ full tường.",Không có thông tin,Không có thông tin,,"Giá T10/22:: 31,6 tr/m²; Giá T11/22:: 30,6 tr/m²; Giá T12/22:: 29,8 tr/m²; Giá T1/23:: 29,8 tr/m²; Giá T2/23:: 29,7 tr/m²; Giá T3/23:: 30,2 tr/m²; Giá T4/23:: 30,7 tr/m²; Giá T5/23:: 30,7 tr/m²; Giá T6/23:: 30,7 tr/m²; Giá T7/23:: 30,2 tr/m²; Giá T8/23:: 30,6 tr/m²; Giá T9/23:: 31,3 tr/m²; Giá T10/23:: 31,9 tr/m²; Giá T11/23:: 32,4 tr/m²; Giá T12/23:: 32,4 tr/m²; Giá T1/24:: 33,4 tr/m²; Giá T2/24:: 33,8 tr/m²; Giá T3/24:: 36,4 tr/m²; Giá T4/24:: 39,4 tr/m²; Giá T5/24:: 39,1 tr/m²; Giá T6/24:: 40,3 tr/m²; Giá T7/24:: 41,7 tr/m²; Giá T8/24:: 45,4 tr/m²; Giá T9/24:: 48 tr/m²; Giá T10/24:: 50,7 tr/m²; : "
Phường Tây Mỗ,Nam Từ Liêm,Tập đoàn Vingroup,"74,9 m²","3,9 tỷ",3 phòng,2 phòng,Sổ đỏ/ Sổ hồng,Cơ bản,Không có thông tin,Không có thông tin,,Không có dữ liệu lịch sử giá
Phường Tây Mỗ,Nam Từ Liêm,Tập đoàn MIK Corporation,81 m²,"4,2 tỷ",3 phòng,2 phòng,Không có thông tin,Không có thông tin,Không có thông tin,Không có thông tin,,"Giá T10/22:: 48,2 tr/m²; Giá T11/22:: 46,2 tr/m²; Giá T12/22:: 45 tr/m²; Giá T1/23:: 46,5 tr/m²; Giá T2/23:: 48 tr/m²; Giá T3/23:: 44,6 tr/m²; Giá T4/23:: 43,6 tr/m²; Giá T5/23:: 46,1 tr/m²; Giá T6/23:: 44,6 tr/m²; Giá T7/23:: 45,3 tr/m²; Giá T8/23:: 45,3 tr/m²; Giá T9/23:: 46,6 tr/m²; Giá T10/23:: 47,5 tr/m²; Giá T11/23:: 50,3 tr/m²; Giá T12/23:: 51,8 tr/m²; Giá T1/24:: 53,1 tr/m²; Giá T2/24:: 55,1 tr/m²; Giá T3/24:: 57 tr/m²; Giá T4/24:: 58,2 tr/m²; Giá T5/24:: 58,4 tr/m²; Giá T6/24:: 60,4 tr/m²; Giá T7/24:: 62,5 tr/m²; Giá T8/24:: 63,8 tr/m²; Giá T9/24:: 67,3 tr/m²; Giá T10/24:: 68,2 tr/m²; : "
Phường Tây Mỗ,Nam Từ Liêm,Tập đoàn MIK Corporation,43 m²,"2,85 tỷ",1 phòng,Không có thông tin,Không có thông tin,- Hiện trạng: Full nội thất gỗ cao cấp + đồ điện tử hiện đại.,Không có thông tin,Không có thông tin,Hướng ban công: Đông - Nam,"Giá T10/22:: 48,2 tr/m²; Giá T11/22:: 46,2 tr/m²; Giá T12/22:: 45 tr/m²; Giá T1/23:: 46,5 tr/m²; Giá T2/23:: 48 tr/m²; Giá T3/23:: 44,6 tr/m²; Giá T4/23:: 43,6 tr/m²; Giá T5/23:: 46,1 tr/m²; Giá T6/23:: 44,6 tr/m²; Giá T7/23:: 45,3 tr/m²; Giá T8/23:: 45,3 tr/m²; Giá T9/23:: 46,6 tr/m²; Giá T10/23:: 47,5 tr/m²; Giá T11/23:: 50,3 tr/m²; Giá T12/23:: 51,8 tr/m²; Giá T1/24:: 53,1 tr/m²; Giá T2/24:: 55,1 tr/m²; Giá T3/24:: 57 tr/m²; Giá T4/24:: 58,2 tr/m²; Giá T5/24:: 58,4 tr/m²; Giá T6/24:: 60,4 tr/m²; Giá T7/24:: 62,5 tr/m²; Giá T8/24:: 63,8 tr/m²; Giá T9/24:: 67,3 tr/m²; Giá T10/24:: 68,2 tr/m²; : "
Phường Láng Hạ,Đống Đa,Tổng Công ty Đầu tư và Phát triển nhà Hà Nội (HANDICO),122 m²,72 triệu/m²,3 phòng,2 phòng,Sổ đỏ/ Sổ hồng,Full,Không có thông tin,Tây - Nam,Hướng ban công: Đông - Bắc,"Giá Q3/22:: 40,5 tr/m²; Giá Q3/22:: 40,5 tr/m²; Giá Q4/22:: 40,6 tr/m²; Giá Q4/22:: 40,6 tr/m²; Giá Q4/22:: 40,6 tr/m²; Giá Q1/23:: 41 tr/m²; Giá Q1/23:: 41 tr/m²; Giá Q1/23:: 41 tr/m²; Giá Q2/23:: 41,1 tr/m²; Giá Q2/23:: 41,1 tr/m²; Giá Q2/23:: 41,1 tr/m²; Giá Q3/23:: 41,8 tr/m²; Giá Q3/23:: 41,8 tr/m²; Giá Q3/23:: 41,8 tr/m²; Giá Q4/23:: 41,8 tr/m²; Giá Q4/23:: 41,8 tr/m²; Giá Q4/23:: 41,8 tr/m²; Giá Q1/24:: 42,3 tr/m²; Giá Q1/24:: 42,3 tr/m²; Giá Q1/24:: 42,3 tr/m²; Giá Q2/24:: 54,2 tr/m²; Giá Q2/24:: 54,2 tr/m²; Giá Q2/24:: 54,2 tr/m²; Giá Q3/24:: 58,5 tr/m²; Giá Q3/24:: 58,5 tr/m²; : "
Phường Mễ Trì,Nam Từ Liêm,Tập đoàn Vingroup,"83,82 m²","5,1 tỷ",3 phòng,2 phòng,Có sổ.,Đầy đủ nội thất. Nội thất hoàn thiện đầy đủ cho gia đình ở lâu dài.,Không có thông tin,Không có thông tin,Hướng ban công: Đông - Nam,"Giá T10/22:: 51,4 tr/m²; Giá T11/22:: 56,6 tr/m²; Giá T12/22:: 51,8 tr/m²; Giá T1/23:: 49 tr/m²; Giá T2/23:: 52,8 tr/m²; Giá T3/23:: 48,9 tr/m²; Giá T4/23:: 48,3 tr/m²; Giá T5/23:: 52,7 tr/m²; Giá T6/23:: 52,3 tr/m²; Giá T7/23:: 50 tr/m²; Giá T8/23:: 51,5 tr/m²; Giá T9/23:: 53,2 tr/m²; Giá T10/23:: 53,4 tr/m²; Giá T11/23:: 54,4 tr/m²; Giá T12/23:: 52,3 tr/m²; Giá T1/24:: 51,8 tr/m²; Giá T2/24:: 49,8 tr/m²; Giá T3/24:: 55,7 tr/m²; Giá T4/24:: 57 tr/m²; Giá T5/24:: 56,4 tr/m²; Giá T6/24:: 57,8 tr/m²; Giá T7/24:: 60 tr/m²; Giá T8/24:: 57,3 tr/m²; Giá T9/24:: 60,8 tr/m²; Giá T10/24:: 66,6 tr/m²; : "
Đa Tốn,Gia Lâm,Tập đoàn Vingroup,62 m²,Thỏa thuận,2 phòng,2 phòng,Sổ đỏ/ Sổ hồng,Đầy đủ,Không có thông tin,Không có thông tin,,Không có dữ liệu lịch sử giá
Đại Kim,Hoàng Mai,Tập đoàn Bitexco,120 m²,40 tỷ,5 phòng,5 phòng,Sổ đỏ/ Sổ hồng,Đầy đủ.,8 m,Không có thông tin,Đường vào: 30 m; Số tầng: 5 tầng,"Giá T10/23:: 302,5 tr/m²; Giá T10/23:: 302,5 tr/m²; Giá T11/23:: 293,2 tr/m²; Giá T11/23:: 293,2 tr/m²; Giá T12/23:: 304,1 tr/m²; Giá T12/23:: 304,1 tr/m²; Giá T1/24:: 290,4 tr/m²; Giá T1/24:: 290,4 tr/m²; Giá T2/24:: 260,9 tr/m²; Giá T2/24:: 260,9 tr/m²; Giá T3/24:: 302,4 tr/m²; Giá T3/24:: 302,4 tr/m²; Giá T4/24:: 309,6 tr/m²; Giá T4/24:: 309,6 tr/m²; Giá T5/24:: 344,1 tr/m²; Giá T5/24:: 344,1 tr/m²; Giá T6/24:: 340 tr/m²; Giá T6/24:: 340 tr/m²; Giá T7/24:: 344,2 tr/m²; Giá T7/24:: 344,2 tr/m²; Giá T8/24:: 359 tr/m²; Giá T9/24:: 355 tr/m²; Giá T9/24:: 355 tr/m²; Giá T10/24:: 354,6 tr/m²; Giá T10/24:: 354,6 tr/m²; : "
Phường Tây Mỗ,Nam Từ Liêm,Tập đoàn Vingroup,59 m²,"2,65 tỷ",2 phòng,1 phòng,Không có thông tin,Đã có nội thất.,Không có thông tin,Không có thông tin,,Không có dữ liệu lịch sử giá
Phường Dương Nội,Hà Đông,Công ty CP Xuất nhập khẩu tổng hợp Hà Nội - Geleximco,120 m²,21 tỷ,Không có thông tin,Không có thông tin,Sổ đỏ/ Sổ hồng,Không có thông tin,Không có thông tin,Không có thông tin,,"Giá T10/22:: 101,2 tr/m²; Giá T11/22:: 108,3 tr/m²; Giá T12/22:: 107,5 tr/m²; Giá T1/23:: 91,9 tr/m²; Giá T2/23:: 100 tr/m²; Giá T3/23:: 100 tr/m²; Giá T4/23:: 102,5 tr/m²; Giá T5/23:: 97,4 tr/m²; Giá T6/23:: 98,7 tr/m²; Giá T7/23:: 100 tr/m²; Giá T8/23:: 108,2 tr/m²; Giá T9/23:: 107,1 tr/m²; Giá T10/23:: 109,2 tr/m²; Giá T11/23:: 116,7 tr/m²; Giá T12/23:: 125 tr/m²; Giá T1/24:: 126,7 tr/m²; Giá T2/24:: 132,5 tr/m²; Giá T3/24:: 144,9 tr/m²; Giá T4/24:: 151,4 tr/m²; Giá T5/24:: 154,4 tr/m²; Giá T6/24:: 165,3 tr/m²; Giá T7/24:: 168,8 tr/m²; Giá T8/24:: 176,3 tr/m²; Giá T9/24:: 203,3 tr/m²; Giá T10/24:: 203,8 tr/m²; : "
Xã Đa Tốn,Gia Lâm,Đang cập nhật,48 m²,Thỏa thuận,1 phòng,1 phòng,Hợp đồng mua bán,Cơ bản,Không có thông tin,Tây - Bắc,Hướng ban công: Đông - Nam,Không có dữ liệu lịch sử giá
Xã Đông Hội,Đông Anh,Tập đoàn Vingroup,27 m²,Thỏa thuận,2 phòng,2 phòng,Sổ đỏ/ Sổ hồng,Không có thông tin,Không có thông tin,Không có thông tin,,Không có dữ liệu lịch sử giá
Xã Đa Tốn,Gia Lâm,Đang cập nhật,66 m²,Thỏa thuận,2 phòng,2 phòng,Hợp đồng mua bán,Đầy đủ,Không có thông tin,Đông - Nam,Hướng ban công: Đông - Nam,Không có dữ liệu lịch sử giá
Xã Đông Hội,Đông Anh,Tập đoàn Vingroup,"148,9 m²","49,4 tỷ",Không có thông tin,Không có thông tin,Hợp đồng mua bán,Không có thông tin,Không có thông tin,Tây,,Không có dữ liệu lịch sử giá
Dương Xá,Gia Lâm,Tập đoàn Vingroup,"54,8 m²","3,67 tỷ",2 phòng,1 phòng,Hợp đồng mua bán,Đầy đủ,Không có thông tin,Tây - Bắc,Hướng ban công: Đông - Nam,"Giá T10/22:: 31,6 tr/m²; Giá T11/22:: 30,6 tr/m²; Giá T12/22:: 29,8 tr/m²; Giá T1/23:: 29,8 tr/m²; Giá T2/23:: 29,7 tr/m²; Giá T3/23:: 30,2 tr/m²; Giá T4/23:: 30,7 tr/m²; Giá T5/23:: 30,7 tr/m²; Giá T6/23:: 30,7 tr/m²; Giá T7/23:: 30,2 tr/m²; Giá T8/23:: 30,6 tr/m²; Giá T9/23:: 31,3 tr/m²; Giá T10/23:: 31,9 tr/m²; Giá T11/23:: 32,4 tr/m²; Giá T12/23:: 32,4 tr/m²; Giá T1/24:: 33,4 tr/m²; Giá T2/24:: 33,8 tr/m²; Giá T3/24:: 36,4 tr/m²; Giá T4/24:: 39,4 tr/m²; Giá T5/24:: 39,1 tr/m²; Giá T6/24:: 40,3 tr/m²; Giá T7/24:: 41,7 tr/m²; Giá T8/24:: 45,4 tr/m²; Giá T9/24:: 48 tr/m²; Giá T10/24:: 50,7 tr/m²; : "
Phường Phú Diễn,Bắc Từ Liêm,Công ty TNHH Thương mại - Quảng cáo - Xây dựng - Địa ốc Việt Hân,110 m²,"6,6 tỷ",3 phòng,2 phòng,Sổ đỏ/ Sổ hồng,Đầy đủ,Không có thông tin,Không có thông tin,,"Giá T10/22:: 37,4 tr/m²; Giá T11/22:: 37,2 tr/m²; Giá T12/22:: 37,2 tr/m²; Giá T1/23:: 35,7 tr/m²; Giá T2/23:: 35,9 tr/m²; Giá T3/23:: 36,2 tr/m²; Giá T4/23:: 37,3 tr/m²; Giá T5/23:: 37 tr/m²; Giá T6/23:: 36,9 tr/m²; Giá T7/23:: 37,2 tr/m²; Giá T8/23:: 38,2 tr/m²; Giá T9/23:: 39,4 tr/m²; Giá T10/23:: 40,4 tr/m²; Giá T11/23:: 42,9 tr/m²; Giá T12/23:: 43 tr/m²; Giá T1/24:: 44,1 tr/m²; Giá T2/24:: 44,9 tr/m²; Giá T3/24:: 49,1 tr/m²; Giá T4/24:: 50 tr/m²; Giá T5/24:: 50 tr/m²; Giá T6/24:: 50 tr/m²; Giá T7/24:: 52,6 tr/m²; Giá T8/24:: 57,4 tr/m²; Giá T9/24:: 60,6 tr/m²; Giá T10/24:: 63,7 tr/m²; : "
Xã Đa Tốn,Gia Lâm,Đang cập nhật,30 m²,Thỏa thuận,1 phòng,1 phòng,Hợp đồng mua bán,Cơ bản,Không có thông tin,Đông - Bắc,Hướng ban công: Đông - Nam,Không có dữ liệu lịch sử giá
Xã Đông Hội,Đông Anh,Tập đoàn Vingroup,63 m²,18 tỷ,Không có thông tin,Không có thông tin,Hợp đồng mua bán.,Không có thông tin,Không có thông tin,Không có thông tin,Số tầng: 4 tầng,Không có dữ liệu lịch sử giá
Phường Nhân Chính,Thanh Xuân,Đang cập nhật,105 m²,"9,1 tỷ",3 phòng,2 phòng,Sổ đỏ/ Sổ hồng,Đầy đủ,Không có thông tin,Không có thông tin,,"Giá T10/22:: 65,7 tr/m²; Giá T11/22:: 66,7 tr/m²; Giá T12/22:: 65,9 tr/m²; Giá T1/23:: 67,6 tr/m²; Giá T2/23:: 63 tr/m²; Giá T3/23:: 62,5 tr/m²; Giá T4/23:: 62,1 tr/m²; Giá T5/23:: 61,3 tr/m²; Giá T6/23:: 59 tr/m²; Giá T7/23:: 61,9 tr/m²; Giá T8/23:: 61,3 tr/m²; Giá T9/23:: 61 tr/m²; Giá T10/23:: 61 tr/m²; Giá T11/23:: 60,7 tr/m²; Giá T12/23:: 66,8 tr/m²; Giá T1/24:: 68,1 tr/m²; Giá T2/24:: 69,8 tr/m²; Giá T3/24:: 72,4 tr/m²; Giá T4/24:: 75,9 tr/m²; Giá T5/24:: 79,2 tr/m²; Giá T6/24:: 76 tr/m²; Giá T7/24:: 78,4 tr/m²; Giá T8/24:: 90 tr/m²; Giá T9/24:: 90,1 tr/m²; Giá T10/24:: 90 tr/m²; : "
Xã Đông Hội,Đông Anh,Tập đoàn Vingroup,65 m²,Thỏa thuận,2 phòng,2 phòng,Sổ đỏ/ Sổ hồng,Đầy đủ,Không có thông tin,Đông - Nam,Hướng ban công: Tây - Bắc,Không có dữ liệu lịch sử giá
Xã Đông Hội,Đông Anh,Tập đoàn Vingroup,62 m²,"5,3 tỷ",2 phòng,2 phòng,Sổ đỏ/ Sổ hồng,Đầy đủ,Không có thông tin,Đông - Bắc,Hướng ban công: Tây - Nam,Không có dữ liệu lịch sử giá
Phường Trung Hòa,Cầu Giấy,Tân Hoàng Minh Group,112 m²,"8,9 tỷ",2 phòng,2 phòng,Sổ đỏ/ Sổ hồng,Đầy đủ,Không có thông tin,Đông - Nam,Hướng ban công: Tây - Bắc,"Giá T10/22:: 60,5 tr/m²; Giá T11/22:: 60,4 tr/m²; Giá T12/22:: 57,7 tr/m²; Giá T1/23:: 59,9 tr/m²; Giá T2/23:: 60 tr/m²; Giá T3/23:: 61,4 tr/m²; Giá T4/23:: 58,9 tr/m²; Giá T5/23:: 60 tr/m²; Giá T6/23:: 60,2 tr/m²; Giá T7/23:: 60 tr/m²; Giá T8/23:: 63,5 tr/m²; Giá T9/23:: 61,8 tr/m²; Giá T10/23:: 62,4 tr/m²; Giá T11/23:: 63,2 tr/m²; Giá T12/23:: 65,8 tr/m²; Giá T1/24:: 66,3 tr/m²; Giá T2/24:: 68,8 tr/m²; Giá T3/24:: 73,6 tr/m²; Giá T4/24:: 74,7 tr/m²; Giá T5/24:: 77,6 tr/m²; Giá T6/24:: 77,6 tr/m²; Giá T7/24:: 78,6 tr/m²; Giá T8/24:: 81,9 tr/m²; Giá T9/24:: 85,2 tr/m²; Giá T10/24:: 89,2 tr/m²; : "
Phường Hoàng Liệt,Hoàng Mai,Công ty CP Tập đoàn Hưng Thịnh,68 m²,"3,6 tỷ",2 phòng,2 phòng,Hợp đồng mua bán,Đầy đủ,Không có thông tin,Đông - Nam,Hướng ban công: Đông - Nam,"Giá T10/22:: 33,3 tr/m²; Giá T11/22:: 31,3 tr/m²; Giá T12/22:: 30 tr/m²; Giá T1/23:: 30 tr/m²; Giá T2/23:: 29,4 tr/m²; Giá T3/23:: 28 tr/m²; Giá T4/23:: 32 tr/m²; Giá T5/23:: 30,9 tr/m²; Giá T6/23:: 31,6 tr/m²; Giá T7/23:: 30,3 tr/m²; Giá T8/23:: 29,6 tr/m²; Giá T9/23:: 29,9 tr/m²; Giá T10/23:: 30 tr/m²; Giá T11/23:: 30,8 tr/m²; Giá T12/23:: 33,4 tr/m²; Giá T1/24:: 31 tr/m²; Giá T2/24:: 34,1 tr/m²; Giá T3/24:: 35 tr/m²; Giá T4/24:: 40 tr/m²; Giá T5/24:: 43,9 tr/m²; Giá T6/24:: 40 tr/m²; Giá T7/24:: 43,9 tr/m²; Giá T8/24:: 50,5 tr/m²; Giá T9/24:: 54,9 tr/m²; Giá T10/24:: 62 tr/m²; : "
Phường Nhân Chính,Thanh Xuân,Đang cập nhật,61 m²,"5,1 tỷ",2 phòng,Không có thông tin,Không có thông tin,Không có thông tin,Không có thông tin,Không có thông tin,,"Giá T10/22:: 65,7 tr/m²; Giá T11/22:: 66,7 tr/m²; Giá T12/22:: 65,9 tr/m²; Giá T1/23:: 67,6 tr/m²; Giá T2/23:: 63 tr/m²; Giá T3/23:: 62,5 tr/m²; Giá T4/23:: 62,1 tr/m²; Giá T5/23:: 61,3 tr/m²; Giá T6/23:: 59 tr/m²; Giá T7/23:: 61,9 tr/m²; Giá T8/23:: 61,3 tr/m²; Giá T9/23:: 61 tr/m²; Giá T10/23:: 61 tr/m²; Giá T11/23:: 60,7 tr/m²; Giá T12/23:: 66,8 tr/m²; Giá T1/24:: 68,1 tr/m²; Giá T2/24:: 69,8 tr/m²; Giá T3/24:: 72,4 tr/m²; Giá T4/24:: 75,9 tr/m²; Giá T5/24:: 79,2 tr/m²; Giá T6/24:: 76 tr/m²; Giá T7/24:: 78,4 tr/m²; Giá T8/24:: 90 tr/m²; Giá T9/24:: 90,1 tr/m²; Giá T10/24:: 90 tr/m²; : "
Đại Kim,Hoàng Mai,Tập đoàn Bitexco,128 m²,40 tỷ,5 phòng,7 phòng,Hợp đồng mua bán.,Cơ bản.,6 m,Tây - Bắc,Đường vào: 17 m; Hướng ban công: Đông - Nam; Số tầng: 5 tầng,"Giá T10/22:: 313,3 tr/m²; Giá T11/22:: 320 tr/m²; Giá T12/22:: 300 tr/m²; Giá T1/23:: 299,8 tr/m²; Giá T2/23:: 327 tr/m²; Giá T3/23:: 333,3 tr/m²; Giá T4/23:: 272,2 tr/m²; Giá T5/23:: 262,6 tr/m²; Giá T6/23:: 276,1 tr/m²; Giá T7/23:: 275 tr/m²; Giá T8/23:: 285,9 tr/m²; Giá T9/23:: 282,8 tr/m²; Giá T10/23:: 302,5 tr/m²; Giá T11/23:: 293,2 tr/m²; Giá T12/23:: 304,1 tr/m²; Giá T1/24:: 290,4 tr/m²; Giá T2/24:: 260,9 tr/m²; Giá T3/24:: 302,4 tr/m²; Giá T4/24:: 309,6 tr/m²; Giá T5/24:: 344,1 tr/m²; Giá T6/24:: 340 tr/m²; Giá T7/24:: 344,2 tr/m²; Giá T8/24:: 359 tr/m²; Giá T9/24:: 355 tr/m²; Giá T10/24:: 354,6 tr/m²; : "
Phường Tây Mỗ,Nam Từ Liêm,Tập đoàn Vingroup,64 m²,"3,65 tỷ",2 phòng,2 phòng,Sổ đỏ/ Sổ hồng.,Đầy đủ,Không có thông tin,Nam,Hướng ban công: Đông - Nam,Không có dữ liệu lịch sử giá
Phường Tây Mỗ,Nam Từ Liêm,Tập đoàn Vingroup,"54,3 m²","2,9 tỷ",2 phòng,Không có thông tin,Sổ hồng,Nội thất đầy đủ.,Không có thông tin,Không có thông tin,,Không có dữ liệu lịch sử giá
Phường Tây Mỗ,Nam Từ Liêm,Tập đoàn Vingroup,64 m²,"3,55 tỷ",2 phòng,2 phòng,Sổ đỏ/ Sổ hồng.,Đầy đủ,Không có thông tin,Tây - Bắc,Hướng ban công: Đông - Nam,Không có dữ liệu lịch sử giá
Phường Tây Mỗ,Nam Từ Liêm,Tập đoàn Vingroup,"31,8 m²","1,55 tỷ",1 phòng,1 phòng,Sổ đỏ/sổ hồng.,Không có thông tin,Không có thông tin,Đông - Nam,,Không có dữ liệu lịch sử giá
Phường Tây Mỗ,Nam Từ Liêm,Tập đoàn Vingroup,81 m²,"4,2 tỷ",3 phòng,2 phòng,Có sổ.,Nhà mới.,Không có thông tin,Không có thông tin,,Không có dữ liệu lịch sử giá
Phường Tây Mỗ,Nam Từ Liêm,Tập đoàn Vingroup,"33,9 m²","1,66 tỷ",1 phòng,1 phòng,Không có thông tin,Không có thông tin,Không có thông tin,Không có thông tin,,"Giá T10/22:: 39 tr/m²; Giá T11/22:: 40,1 tr/m²; Giá T12/22:: 40,9 tr/m²; Giá T1/23:: 38,8 tr/m²; Giá T2/23:: 41,3 tr/m²; Giá T3/23:: 41,4 tr/m²; Giá T4/23:: 44,1 tr/m²; Giá T5/23:: 43 tr/m²; Giá T6/23:: 42 tr/m²; Giá T7/23:: 42,8 tr/m²; Giá T8/23:: 41,4 tr/m²; Giá T9/23:: 42,4 tr/m²; Giá T10/23:: 44,9 tr/m²; Giá T11/23:: 47,1 tr/m²; Giá T12/23:: 44,1 tr/m²; Giá T1/24:: 50 tr/m²; Giá T2/24:: 51,6 tr/m²; Giá T3/24:: 53,3 tr/m²; Giá T4/24:: 53,3 tr/m²; Giá T5/24:: 57,4 tr/m²; Giá T6/24:: 57,7 tr/m²; Giá T7/24:: 57 tr/m²; Giá T8/24:: 60,8 tr/m²; Giá T9/24:: 61,7 tr/m²; Giá T10/24:: 63,6 tr/m²; : "
Phường Tây Mỗ,Nam Từ Liêm,Tập đoàn Vingroup,74 m²,"3,85 tỷ",3 phòng,2 phòng,Sổ hồng.,Đầy đủ.,Không có thông tin,Không có thông tin,,Không có dữ liệu lịch sử giá
Phường Mễ Trì,Nam Từ Liêm,Tập đoàn Vingroup,70 m²,"3,85 tỷ",2 phòng,2 phòng,Không có thông tin,"Tủ bếp, điều hòa âm trần, và thiết bị vs Toto. Kèm 1 số đồ gia dụng gia đình đã mua sắm thêm: Tủ giày, sofa và bàn ăn...",Không có thông tin,Tây - Bắc,Hướng ban công: Đông - Nam,"Giá T10/22:: 51,4 tr/m²; Giá T11/22:: 56,6 tr/m²; Giá T12/22:: 51,8 tr/m²; Giá T1/23:: 49 tr/m²; Giá T2/23:: 52,8 tr/m²; Giá T3/23:: 48,9 tr/m²; Giá T4/23:: 48,3 tr/m²; Giá T5/23:: 52,7 tr/m²; Giá T6/23:: 52,3 tr/m²; Giá T7/23:: 50 tr/m²; Giá T8/23:: 51,5 tr/m²; Giá T9/23:: 53,2 tr/m²; Giá T10/23:: 53,4 tr/m²; Giá T11/23:: 54,4 tr/m²; Giá T12/23:: 52,3 tr/m²; Giá T1/24:: 51,8 tr/m²; Giá T2/24:: 49,8 tr/m²; Giá T3/24:: 55,7 tr/m²; Giá T4/24:: 57 tr/m²; Giá T5/24:: 56,4 tr/m²; Giá T6/24:: 57,8 tr/m²; Giá T7/24:: 60 tr/m²; Giá T8/24:: 57,3 tr/m²; Giá T9/24:: 60,8 tr/m²; Giá T10/24:: 66,6 tr/m²; : "
Phường Tây Mỗ,Nam Từ Liêm,Tập đoàn MIK Corporation,64 m²,"3,5 tỷ",2 phòng,2 phòng,Sổ đỏ/ Sổ hồng,Đầy đủ,Không có thông tin,Không có thông tin,,"Giá T10/22:: 48,2 tr/m²; Giá T11/22:: 46,2 tr/m²; Giá T12/22:: 45 tr/m²; Giá T1/23:: 46,5 tr/m²; Giá T2/23:: 48 tr/m²; Giá T3/23:: 44,6 tr/m²; Giá T4/23:: 43,6 tr/m²; Giá T5/23:: 46,1 tr/m²; Giá T6/23:: 44,6 tr/m²; Giá T7/23:: 45,3 tr/m²; Giá T8/23:: 45,3 tr/m²; Giá T9/23:: 46,6 tr/m²; Giá T10/23:: 47,5 tr/m²; Giá T11/23:: 50,3 tr/m²; Giá T12/23:: 51,8 tr/m²; Giá T1/24:: 53,1 tr/m²; Giá T2/24:: 55,1 tr/m²; Giá T3/24:: 57 tr/m²; Giá T4/24:: 58,2 tr/m²; Giá T5/24:: 58,4 tr/m²; Giá T6/24:: 60,4 tr/m²; Giá T7/24:: 62,5 tr/m²; Giá T8/24:: 63,8 tr/m²; Giá T9/24:: 67,3 tr/m²; Giá T10/24:: 68,2 tr/m²; : "
Phường Hoàng Liệt,Hoàng Mai,Công ty CP Tập đoàn Hưng Thịnh,68 m²,"4,33 tỷ",2 phòng,2 phòng,Hợp đồng mua bán,Cao cấp,Không có thông tin,Đông - Nam,Hướng ban công: Tây - Bắc,"Giá T10/22:: 33,3 tr/m²; Giá T11/22:: 31,3 tr/m²; Giá T12/22:: 30 tr/m²; Giá T1/23:: 30 tr/m²; Giá T2/23:: 29,4 tr/m²; Giá T3/23:: 28 tr/m²; Giá T4/23:: 32 tr/m²; Giá T5/23:: 30,9 tr/m²; Giá T6/23:: 31,6 tr/m²; Giá T7/23:: 30,3 tr/m²; Giá T8/23:: 29,6 tr/m²; Giá T9/23:: 29,9 tr/m²; Giá T10/23:: 30 tr/m²; Giá T11/23:: 30,8 tr/m²; Giá T12/23:: 33,4 tr/m²; Giá T1/24:: 31 tr/m²; : ; Giá T3/24:: 35 tr/m²; Giá T4/24:: 40 tr/m²; Giá T5/24:: 43,9 tr/m²; Giá T6/24:: 40 tr/m²; Giá T7/24:: 43,9 tr/m²; Giá T8/24:: 50,5 tr/m²; Giá T9/24:: 54,9 tr/m²; Giá T10/24:: 62 tr/m²; : "
Phường Đại Kim,Hoàng Mai,Tập đoàn Bitexco,120 m²,40 tỷ,6 phòng,5 phòng,Không có thông tin,Full nội thất.,6 m,Không có thông tin,Đường vào: 30 m; Số tầng: 5 tầng,"Giá T10/22:: 313,3 tr/m²; Giá T11/22:: 320 tr/m²; Giá T12/22:: 300 tr/m²; Giá T1/23:: 299,8 tr/m²; Giá T2/23:: 327 tr/m²; Giá T3/23:: 333,3 tr/m²; Giá T4/23:: 272,2 tr/m²; Giá T5/23:: 262,6 tr/m²; Giá T6/23:: 276,1 tr/m²; Giá T7/23:: 275 tr/m²; Giá T8/23:: 285,9 tr/m²; Giá T9/23:: 282,8 tr/m²; Giá T10/23:: 302,5 tr/m²; Giá T11/23:: 293,2 tr/m²; Giá T12/23:: 304,1 tr/m²; Giá T1/24:: 290,4 tr/m²; Giá T2/24:: 260,9 tr/m²; Giá T3/24:: 302,4 tr/m²; Giá T4/24:: 309,6 tr/m²; Giá T5/24:: 344,1 tr/m²; Giá T6/24:: 340 tr/m²; Giá T7/24:: 344,2 tr/m²; Giá T8/24:: 359 tr/m²; Giá T9/24:: 355 tr/m²; Giá T10/24:: 354,6 tr/m²; : "
Phường Tây Mỗ,Nam Từ Liêm,Tập đoàn Vingroup,64 m²,3 tỷ,2 phòng,2 phòng,Không có thông tin,Không có thông tin,Không có thông tin,Không có thông tin,,"Giá T10/22:: 41,9 tr/m²; Giá T11/22:: 41,7 tr/m²; Giá T12/22:: 41,6 tr/m²; Giá T1/23:: 42 tr/m²; Giá T2/23:: 41,9 tr/m²; Giá T3/23:: 41,7 tr/m²; Giá T4/23:: 41,8 tr/m²; Giá T5/23:: 40,9 tr/m²; Giá T6/23:: 41,4 tr/m²; Giá T7/23:: 42 tr/m²; Giá T8/23:: 43,1 tr/m²; Giá T9/23:: 43,7 tr/m²; Giá T10/23:: 44,2 tr/m²; Giá T11/23:: 45,7 tr/m²; Giá T12/23:: 46,7 tr/m²; Giá T1/24:: 47,6 tr/m²; Giá T2/24:: 47,2 tr/m²; Giá T3/24:: 51,2 tr/m²; Giá T4/24:: 52,3 tr/m²; Giá T5/24:: 53,5 tr/m²; Giá T6/24:: 54,7 tr/m²; Giá T7/24:: 55,9 tr/m²; Giá T8/24:: 59,9 tr/m²; Giá T9/24:: 62,8 tr/m²; Giá T10/24:: 64,4 tr/m²; : "
Xã Dương Xá,Gia Lâm,Tập đoàn Vingroup,59 m²,"2,6 tỷ",2 phòng,1 phòng,Sổ đỏ/ Sổ hồng,Đầy đủ,Không có thông tin,Không có thông tin,,"Giá T10/22:: 31,6 tr/m²; Giá T11/22:: 30,6 tr/m²; Giá T12/22:: 29,8 tr/m²; Giá T1/23:: 29,8 tr/m²; Giá T2/23:: 29,7 tr/m²; Giá T3/23:: 30,2 tr/m²; Giá T4/23:: 30,7 tr/m²; Giá T5/23:: 30,7 tr/m²; Giá T6/23:: 30,7 tr/m²; Giá T7/23:: 30,2 tr/m²; Giá T8/23:: 30,6 tr/m²; Giá T9/23:: 31,3 tr/m²; Giá T10/23:: 31,9 tr/m²; Giá T11/23:: 32,4 tr/m²; Giá T12/23:: 32,4 tr/m²; Giá T1/24:: 33,4 tr/m²; Giá T2/24:: 33,8 tr/m²; Giá T3/24:: 36,4 tr/m²; Giá T4/24:: 39,4 tr/m²; Giá T5/24:: 39,1 tr/m²; Giá T6/24:: 40,3 tr/m²; Giá T7/24:: 41,7 tr/m²; Giá T8/24:: 45,4 tr/m²; Giá T9/24:: 48 tr/m²; Giá T10/24:: 50,7 tr/m²; : "
Phường Hoàng Liệt,Hoàng Mai,Công ty CP Tập đoàn Hưng Thịnh,75 m²,52 triệu/m²,2 phòng,Không có thông tin,Hợp đồng mua bán,Không có thông tin,Không có thông tin,Không có thông tin,,"Giá T10/22:: 33,3 tr/m²; Giá T11/22:: 31,3 tr/m²; Giá T12/22:: 30 tr/m²; Giá T1/23:: 30 tr/m²; Giá T2/23:: 29,4 tr/m²; Giá T3/23:: 28 tr/m²; Giá T4/23:: 32 tr/m²; Giá T5/23:: 30,9 tr/m²; Giá T6/23:: 31,6 tr/m²; Giá T7/23:: 30,3 tr/m²; Giá T8/23:: 29,6 tr/m²; Giá T9/23:: 29,9 tr/m²; Giá T10/23:: 30 tr/m²; Giá T11/23:: 30,8 tr/m²; Giá T12/23:: 33,4 tr/m²; Giá T1/24:: 31 tr/m²; Giá T2/24:: 34,1 tr/m²; Giá T3/24:: 35 tr/m²; Giá T4/24:: 40 tr/m²; Giá T5/24:: 43,9 tr/m²; Giá T6/24:: 40 tr/m²; Giá T7/24:: 43,9 tr/m²; Giá T8/24:: 50,5 tr/m²; Giá T9/24:: 54,9 tr/m²; Giá T10/24:: 62 tr/m²; : "
Xã Đông Hội,Đông Anh,Tập đoàn Vingroup,75 m²,Thỏa thuận,Không có thông tin,Không có thông tin,Hợp đồng mua bán,Không có thông tin,Không có thông tin,Không có thông tin,,Không có dữ liệu lịch sử giá
Xã Đông Hội,Đông Anh,Tập đoàn Vingroup,"62,5 m²","16,2 tỷ",Không có thông tin,Không có thông tin,Không có thông tin,Không có thông tin,Không có thông tin,Đông - Nam,,Không có dữ liệu lịch sử giá
Phường Phú Diễn,Bắc Từ Liêm,Công ty TNHH Thương mại - Quảng cáo - Xây dựng - Địa ốc Việt Hân,121 m²,"7,5 tỷ",3 phòng,2 phòng,Sổ đỏ/ Sổ hồng,Đầy đủ,Không có thông tin,Tây - Bắc,Hướng ban công: Đông - Nam,"Giá T10/22:: 37,4 tr/m²; Giá T11/22:: 37,2 tr/m²; Giá T12/22:: 37,2 tr/m²; Giá T1/23:: 35,7 tr/m²; Giá T2/23:: 35,9 tr/m²; Giá T3/23:: 36,2 tr/m²; Giá T4/23:: 37,3 tr/m²; Giá T5/23:: 37 tr/m²; Giá T6/23:: 36,9 tr/m²; Giá T7/23:: 37,2 tr/m²; Giá T8/23:: 38,2 tr/m²; Giá T9/23:: 39,4 tr/m²; Giá T10/23:: 40,4 tr/m²; Giá T11/23:: 42,9 tr/m²; Giá T12/23:: 43 tr/m²; Giá T1/24:: 44,1 tr/m²; Giá T2/24:: 44,9 tr/m²; Giá T3/24:: 49,1 tr/m²; Giá T4/24:: 50 tr/m²; Giá T5/24:: 50 tr/m²; Giá T6/24:: 50 tr/m²; Giá T7/24:: 52,6 tr/m²; Giá T8/24:: 57,4 tr/m²; Giá T9/24:: 60,6 tr/m²; Giá T10/24:: 63,7 tr/m²; : "
Xã Đa Tốn,Gia Lâm,Masterise Homes,80 m²,"4,95 tỷ",3 phòng,2 phòng,Sổ đỏ/ Sổ hồng,Cơ bản.,Không có thông tin,Đông,Hướng ban công: Nam,"Giá T10/22:: 61,9 tr/m²; Giá T11/22:: 58,1 tr/m²; Giá T12/22:: 57,8 tr/m²; Giá T1/23:: 59,8 tr/m²; Giá T2/23:: 60,8 tr/m²; Giá T3/23:: 57,8 tr/m²; Giá T4/23:: 58,6 tr/m²; Giá T5/23:: 58,6 tr/m²; Giá T6/23:: 60 tr/m²; Giá T7/23:: 57,5 tr/m²; Giá T8/23:: 60 tr/m²; Giá T9/23:: 60 tr/m²; Giá T10/23:: 54,2 tr/m²; Giá T11/23:: 55,1 tr/m²; Giá T12/23:: 54,7 tr/m²; Giá T1/24:: 53,7 tr/m²; Giá T2/24:: 58 tr/m²; Giá T3/24:: 55,2 tr/m²; Giá T4/24:: 56,3 tr/m²; Giá T5/24:: 62,2 tr/m²; Giá T6/24:: 62,6 tr/m²; Giá T7/24:: 63,6 tr/m²; Giá T8/24:: 65,4 tr/m²; Giá T9/24:: 68,1 tr/m²; Giá T10/24:: 71,3 tr/m²; : "
Xã Đa Tốn,Gia Lâm,Đang cập nhật,62 m²,Thỏa thuận,2 phòng,2 phòng,Sổ đỏ/ Sổ hồng.,Đầy đủ.,Không có thông tin,Không có thông tin,,Không có dữ liệu lịch sử giá
Xã Dương Xá,Gia Lâm,Tập đoàn Vingroup,55 m²,"2,55 tỷ",2 phòng,1 phòng,Sổ đỏ/ Sổ hồng,Đầy đủ,Không có thông tin,Đông - Bắc,Hướng ban công: Tây - Nam,"Giá T10/22:: 31,6 tr/m²; Giá T11/22:: 30,6 tr/m²; Giá T12/22:: 29,8 tr/m²; Giá T1/23:: 29,8 tr/m²; Giá T2/23:: 29,7 tr/m²; Giá T3/23:: 30,2 tr/m²; Giá T4/23:: 30,7 tr/m²; Giá T5/23:: 30,7 tr/m²; Giá T6/23:: 30,7 tr/m²; Giá T7/23:: 30,2 tr/m²; Giá T8/23:: 30,6 tr/m²; Giá T9/23:: 31,3 tr/m²; Giá T10/23:: 31,9 tr/m²; Giá T11/23:: 32,4 tr/m²; Giá T12/23:: 32,4 tr/m²; Giá T1/24:: 33,4 tr/m²; Giá T2/24:: 33,8 tr/m²; Giá T3/24:: 36,4 tr/m²; Giá T4/24:: 39,4 tr/m²; Giá T5/24:: 39,1 tr/m²; Giá T6/24:: 40,3 tr/m²; Giá T7/24:: 41,7 tr/m²; Giá T8/24:: 45,4 tr/m²; Giá T9/24:: 48 tr/m²; Giá T10/24:: 50,7 tr/m²; : "
Phường Ngọc Thụy,Long Biên,Đang cập nhật,120 m²,"6,3 tỷ",3 phòng,3 phòng,Hợp đồng mua bán,Cơ bản,Không có thông tin,Đông - Nam,Hướng ban công: Tây - Bắc,"Giá T10/22:: 44,5 tr/m²; Giá T11/22:: 46,5 tr/m²; Giá T12/22:: 46,3 tr/m²; Giá T1/23:: 42 tr/m²; Giá T2/23:: 39,2 tr/m²; Giá T3/23:: 40 tr/m²; Giá T4/23:: 38 tr/m²; Giá T5/23:: 38,6 tr/m²; Giá T6/23:: 40 tr/m²; Giá T7/23:: 40 tr/m²; Giá T8/23:: 38,6 tr/m²; Giá T9/23:: 39,2 tr/m²; Giá T10/23:: 38,7 tr/m²; Giá T11/23:: 38 tr/m²; Giá T12/23:: 38,8 tr/m²; Giá T1/24:: 45,4 tr/m²; Giá T2/24:: 48,5 tr/m²; Giá T3/24:: 52 tr/m²; Giá T4/24:: 51,3 tr/m²; Giá T5/24:: 52,5 tr/m²; Giá T6/24:: 51,4 tr/m²; Giá T7/24:: 51,5 tr/m²; Giá T8/24:: 58,2 tr/m²; Giá T9/24:: 56,9 tr/m²; Giá T10/24:: 60,2 tr/m²; : "
Phường Tây Mỗ,Nam Từ Liêm,Tập đoàn Vingroup,60 m²,"3,3 tỷ",2 phòng,2 phòng,Sổ đỏ/ Sổ hồng,Đầy đủ,Không có thông tin,Đông - Bắc,Hướng ban công: Đông - Nam,"Giá T10/22:: 41,9 tr/m²; Giá T11/22:: 41,7 tr/m²; Giá T12/22:: 41,6 tr/m²; Giá T1/23:: 42 tr/m²; Giá T2/23:: 41,9 tr/m²; Giá T3/23:: 41,7 tr/m²; Giá T4/23:: 41,8 tr/m²; Giá T5/23:: 40,9 tr/m²; Giá T6/23:: 41,4 tr/m²; Giá T7/23:: 42 tr/m²; Giá T8/23:: 43,1 tr/m²; Giá T9/23:: 43,7 tr/m²; Giá T10/23:: 44,2 tr/m²; Giá T11/23:: 45,7 tr/m²; Giá T12/23:: 46,7 tr/m²; Giá T1/24:: 47,6 tr/m²; Giá T2/24:: 47,2 tr/m²; Giá T3/24:: 51,2 tr/m²; Giá T4/24:: 52,3 tr/m²; Giá T5/24:: 53,5 tr/m²; Giá T6/24:: 54,7 tr/m²; Giá T7/24:: 55,9 tr/m²; Giá T8/24:: 59,9 tr/m²; Giá T9/24:: 62,8 tr/m²; Giá T10/24:: 64,4 tr/m²; : "
Phường Phú Thượng,Tây Hồ,Công ty TNHH phát triển khu đô thị Nam Thăng Long,400 m²,250 triệu/m²,Không có thông tin,Không có thông tin,Sổ đỏ/ Sổ hồng,Không có thông tin,10 m,Đông - Nam,Đường vào: 30 m; Hướng ban công: Đông - Nam,"Giá T10/22:: 298,6 tr/m²; Giá T11/22:: 305,5 tr/m²; Giá T12/22:: 302,4 tr/m²; Giá T1/23:: 299,8 tr/m²; Giá T2/23:: 297,9 tr/m²; Giá T3/23:: 298 tr/m²; Giá T4/23:: 300,6 tr/m²; Giá T5/23:: 297 tr/m²; Giá T6/23:: 289 tr/m²; Giá T7/23:: 280 tr/m²; Giá T8/23:: 300 tr/m²; Giá T9/23:: 297,8 tr/m²; Giá T10/23:: 295,5 tr/m²; Giá T11/23:: 300 tr/m²; Giá T12/23:: 292,7 tr/m²; Giá T1/24:: 285,7 tr/m²; Giá T2/24:: 298 tr/m²; Giá T3/24:: 308,3 tr/m²; Giá T4/24:: 306,5 tr/m²; Giá T5/24:: 309,5 tr/m²; Giá T6/24:: 310,5 tr/m²; Giá T7/24:: 310 tr/m²; Giá T8/24:: 318,2 tr/m²; Giá T9/24:: 321,4 tr/m²; Giá T10/24:: 340 tr/m²; : "
Phường Văn Quán,Hà Đông,Đang cập nhật,96 m²,"4,48 tỷ",3 phòng,2 phòng,Sổ đỏ/ Sổ hồng,Cơ bản,Không có thông tin,Đông - Bắc,Hướng ban công: Tây - Nam,"Giá T10/22:: 37,3 tr/m²; Giá T11/22:: 37 tr/m²; Giá T12/22:: 37 tr/m²; Giá T1/23:: 43,6 tr/m²; Giá T2/23:: 43,5 tr/m²; Giá T3/23:: 37 tr/m²; Giá T4/23:: 36 tr/m²; Giá T5/23:: 38 tr/m²; Giá T6/23:: 38,8 tr/m²; Giá T7/23:: 40,5 tr/m²; Giá T8/23:: 38,5 tr/m²; Giá T9/23:: 37,9 tr/m²; Giá T10/23:: 38 tr/m²; Giá T11/23:: 43,8 tr/m²; Giá T12/23:: 42 tr/m²; Giá T1/24:: 45 tr/m²; Giá T2/24:: 45,6 tr/m²; Giá T3/24:: 42,9 tr/m²; Giá T4/24:: 48 tr/m²; Giá T5/24:: 46,1 tr/m²; Giá T6/24:: 43,5 tr/m²; Giá T7/24:: 43 tr/m²; Giá T8/24:: 47,3 tr/m²; Giá T9/24:: 47,2 tr/m²; Giá T10/24:: 43,8 tr/m²; : "
Phường Tây Mỗ,Nam Từ Liêm,Tập đoàn Vingroup,"46,2 m²","2,4 tỷ",1 phòng,Không có thông tin,Sổ đỏ/ Sổ hồng,Full nội thất.,Không có thông tin,Không có thông tin,,Không có dữ liệu lịch sử giá
Phường Mễ Trì,Nam Từ Liêm,Tập đoàn Vingroup,61 m²,"3,5 tỷ",2 phòng,1 phòng,Sổ đỏ/sổ hồng.,"Nhà được hoàn thiện đầy đủ nội thất, sàn trần, thiết bị bếp, vệ sinh, liền tường, ti vi, tủ lạnh, máy giặt, điều hòa, full nội thất xịn xò.",Không có thông tin,Đông - Bắc,Hướng ban công: Tây - Nam,"Giá T10/22:: 51,4 tr/m²; Giá T11/22:: 56,6 tr/m²; Giá T12/22:: 51,8 tr/m²; Giá T1/23:: 49 tr/m²; Giá T2/23:: 52,8 tr/m²; Giá T3/23:: 48,9 tr/m²; Giá T4/23:: 48,3 tr/m²; Giá T5/23:: 52,7 tr/m²; Giá T6/23:: 52,3 tr/m²; Giá T7/23:: 50 tr/m²; Giá T8/23:: 51,5 tr/m²; Giá T9/23:: 53,2 tr/m²; Giá T10/23:: 53,4 tr/m²; Giá T11/23:: 54,4 tr/m²; Giá T12/23:: 52,3 tr/m²; Giá T1/24:: 51,8 tr/m²; Giá T2/24:: 49,8 tr/m²; Giá T3/24:: 55,7 tr/m²; Giá T4/24:: 57 tr/m²; Giá T5/24:: 56,4 tr/m²; Giá T6/24:: 57,8 tr/m²; Giá T7/24:: 60 tr/m²; Giá T8/24:: 57,3 tr/m²; Giá T9/24:: 60,8 tr/m²; Giá T10/24:: 66,6 tr/m²; : "
Phường Tây Mỗ,Nam Từ Liêm,Tập đoàn Vingroup,25 m²,"1,6 tỷ",Không có thông tin,1 phòng,Sổ đỏ/ Sổ hồng,Đầy đủ NT full đẹp.,Không có thông tin,Tây - Nam,,Không có dữ liệu lịch sử giá
Phường Tây Mỗ,Nam Từ Liêm,Masterise Homes,"62,29 m²","3,9 tỷ",2 phòng,2 phòng,HĐMB,Không có thông tin,Không có thông tin,Không có thông tin,,"Giá T10/22:: 55 tr/m²; Giá T11/22:: 56,3 tr/m²; Giá T12/22:: 53,7 tr/m²; Giá T1/23:: 58,2 tr/m²; Giá T2/23:: 53,6 tr/m²; Giá T3/23:: 52,4 tr/m²; Giá T4/23:: 53,4 tr/m²; Giá T5/23:: 57,1 tr/m²; Giá T6/23:: 53,7 tr/m²; Giá T7/23:: 55,4 tr/m²; Giá T8/23:: 53,2 tr/m²; Giá T9/23:: 57,1 tr/m²; Giá T10/23:: 59 tr/m²; Giá T11/23:: 60 tr/m²; Giá T12/23:: 62,4 tr/m²; Giá T1/24:: 65 tr/m²; Giá T2/24:: 66,1 tr/m²; Giá T3/24:: 67,1 tr/m²; Giá T4/24:: 67,8 tr/m²; Giá T5/24:: 67,9 tr/m²; Giá T6/24:: 69,4 tr/m²; Giá T7/24:: 70,2 tr/m²; Giá T8/24:: 73 tr/m²; Giá T9/24:: 73,4 tr/m²; Giá T10/24:: 73,6 tr/m²; : "
Xã Dương Xá,Gia Lâm,Tập đoàn Vingroup,100 m²,19 tỷ,Không có thông tin,Không có thông tin,Sổ đỏ/ Sổ hồng.,Không nội thất.,5 m,Nam,Đường vào: 30 m; Hướng ban công: Nam; Số tầng: 4 tầng,"Giá T10/22:: 199,1 tr/m²; Giá T11/22:: 219,1 tr/m²; Giá T12/22:: 185,4 tr/m²; Giá T1/23:: 157,2 tr/m²; Giá T2/23:: 175,6 tr/m²; Giá T3/23:: 147 tr/m²; Giá T4/23:: 149,5 tr/m²; Giá T5/23:: 134,5 tr/m²; Giá T6/23:: 170 tr/m²; Giá T7/23:: 146,6 tr/m²; Giá T8/23:: 167,4 tr/m²; Giá T9/23:: 165,2 tr/m²; Giá T10/23:: 179,7 tr/m²; Giá T11/23:: 171,2 tr/m²; Giá T12/23:: 147,4 tr/m²; Giá T1/24:: 192,4 tr/m²; Giá T2/24:: 203,2 tr/m²; Giá T3/24:: 222,3 tr/m²; Giá T4/24:: 190,8 tr/m²; Giá T5/24:: 208,7 tr/m²; Giá T6/24:: 209,6 tr/m²; Giá T7/24:: 195 tr/m²; Giá T8/24:: 196,6 tr/m²; Giá T9/24:: 199,2 tr/m²; Giá T10/24:: 186,4 tr/m²; : "
Phường Tây Mỗ,Nam Từ Liêm,Tập đoàn Vingroup,"59,2 m²","3,25 tỷ",2 phòng,1 phòng,Sổ đỏ/ Sổ hồng.,Không có thông tin,Không có thông tin,Không có thông tin,,"Giá T10/22:: 39 tr/m²; Giá T11/22:: 40,1 tr/m²; Giá T12/22:: 40,9 tr/m²; Giá T1/23:: 38,8 tr/m²; Giá T2/23:: 41,3 tr/m²; Giá T3/23:: 41,4 tr/m²; Giá T4/23:: 44,1 tr/m²; Giá T5/23:: 43 tr/m²; Giá T6/23:: 42 tr/m²; Giá T7/23:: 42,8 tr/m²; Giá T8/23:: 41,4 tr/m²; Giá T9/23:: 42,4 tr/m²; Giá T10/23:: 44,9 tr/m²; Giá T11/23:: 47,1 tr/m²; Giá T12/23:: 44,1 tr/m²; Giá T1/24:: 50 tr/m²; Giá T2/24:: 51,6 tr/m²; Giá T3/24:: 53,3 tr/m²; Giá T4/24:: 53,3 tr/m²; Giá T5/24:: 57,4 tr/m²; Giá T6/24:: 57,7 tr/m²; Giá T7/24:: 57 tr/m²; Giá T8/24:: 60,8 tr/m²; Giá T9/24:: 61,7 tr/m²; Giá T10/24:: 63,6 tr/m²; : "
Phường Tây Mỗ,Nam Từ Liêm,Tập đoàn Vingroup,"46,5 m²","2,4 tỷ",1 phòng,1 phòng,Có sổ.,Không có thông tin,Không có thông tin,Đông - Nam,,"Giá T10/22:: 39 tr/m²; Giá T11/22:: 40,1 tr/m²; Giá T12/22:: 40,9 tr/m²; Giá T1/23:: 38,8 tr/m²; Giá T2/23:: 41,3 tr/m²; Giá T3/23:: 41,4 tr/m²; Giá T4/23:: 44,1 tr/m²; Giá T5/23:: 43 tr/m²; Giá T6/23:: 42 tr/m²; Giá T7/23:: 42,8 tr/m²; Giá T8/23:: 41,4 tr/m²; Giá T9/23:: 42,4 tr/m²; Giá T10/23:: 44,9 tr/m²; Giá T11/23:: 47,1 tr/m²; Giá T12/23:: 44,1 tr/m²; Giá T1/24:: 50 tr/m²; Giá T2/24:: 51,6 tr/m²; Giá T3/24:: 53,3 tr/m²; Giá T4/24:: 53,3 tr/m²; Giá T5/24:: 57,4 tr/m²; Giá T6/24:: 57,7 tr/m²; Giá T7/24:: 57 tr/m²; Giá T8/24:: 60,8 tr/m²; Giá T9/24:: 61,7 tr/m²; Giá T10/24:: 63,6 tr/m²; : "
Phường Tây Mỗ,Nam Từ Liêm,Tập đoàn Vingroup,"61,7 m²","3,6 tỷ",2 phòng,2 phòng,Không có thông tin,Không có thông tin,Không có thông tin,Không có thông tin,,"Giá T10/22:: 39 tr/m²; Giá T11/22:: 40,1 tr/m²; Giá T12/22:: 40,9 tr/m²; Giá T1/23:: 38,8 tr/m²; Giá T2/23:: 41,3 tr/m²; Giá T3/23:: 41,4 tr/m²; Giá T4/23:: 44,1 tr/m²; Giá T5/23:: 43 tr/m²; Giá T6/23:: 42 tr/m²; Giá T7/23:: 42,8 tr/m²; Giá T8/23:: 41,4 tr/m²; Giá T9/23:: 42,4 tr/m²; Giá T10/23:: 44,9 tr/m²; Giá T11/23:: 47,1 tr/m²; Giá T12/23:: 44,1 tr/m²; Giá T1/24:: 50 tr/m²; Giá T2/24:: 51,6 tr/m²; Giá T3/24:: 53,3 tr/m²; Giá T4/24:: 53,3 tr/m²; Giá T5/24:: 57,4 tr/m²; Giá T6/24:: 57,7 tr/m²; Giá T7/24:: 57 tr/m²; Giá T8/24:: 60,8 tr/m²; Giá T9/24:: 61,7 tr/m²; Giá T10/24:: 63,6 tr/m²; : "
Phường Tây Mỗ,Nam Từ Liêm,Tập đoàn Vingroup,64 m²,"3,65 tỷ",2 phòng,2 phòng,Sổ đỏ/ Sổ hồng.,Đầy đủ,Không có thông tin,Nam,Hướng ban công: Đông - Nam,Không có dữ liệu lịch sử giá
Phường Thanh Xuân Trung,Thanh Xuân,Đang cập nhật,118 m²,"11,5 tỷ",3 phòng,3 phòng,Hợp đồng mua bán,Cơ bản,Không có thông tin,Tây - Bắc,Hướng ban công: Đông - Nam,"Giá Q2/23:: 55 tr/m²; Giá Q2/23:: 55 tr/m²; Giá Q2/23:: 55 tr/m²; Giá Q3/23:: 63,4 tr/m²; Giá Q3/23:: 63,4 tr/m²; Giá Q3/23:: 63,4 tr/m²; Giá Q3/23:: 63,4 tr/m²; Giá Q3/23:: 63,4 tr/m²; Giá Q4/23:: 64 tr/m²; Giá Q4/23:: 64 tr/m²; Giá Q4/23:: 64 tr/m²; Giá Q4/23:: 64 tr/m²; Giá Q4/23:: 64 tr/m²; Giá Q1/24:: 67 tr/m²; Giá Q1/24:: 67 tr/m²; Giá Q1/24:: 67 tr/m²; Giá Q1/24:: 67 tr/m²; Giá Q1/24:: 67 tr/m²; Giá Q2/24:: 78 tr/m²; Giá Q2/24:: 78 tr/m²; Giá Q2/24:: 78 tr/m²; Giá Q2/24:: 78 tr/m²; Giá Q3/24:: 82,2 tr/m²; Giá Q3/24:: 82,2 tr/m²; Giá Q3/24:: 82,2 tr/m²; : "
Xã Thanh Lâm,Mê Linh,Tổng Công ty Đầu tư Phát triển Nhà và Đô thị HUD,"299,6 m²",16 tỷ,Không có thông tin,Không có thông tin,Sổ đỏ/ Sổ hồng,Không có thông tin,10 m,Không có thông tin,"Đường vào: 13,5 m","Giá T10/22:: 56,7 tr/m²; Giá T11/22:: 56 tr/m²; Giá T12/22:: 54,3 tr/m²; Giá T1/23:: 54 tr/m²; Giá T2/23:: 57,6 tr/m²; Giá T3/23:: 53,9 tr/m²; Giá T4/23:: 58,6 tr/m²; Giá T5/23:: 48,1 tr/m²; Giá T6/23:: 44,9 tr/m²; Giá T7/23:: 44,4 tr/m²; Giá T8/23:: 45,5 tr/m²; Giá T9/23:: 45,2 tr/m²; Giá T10/23:: 49,5 tr/m²; Giá T11/23:: 46,3 tr/m²; Giá T12/23:: 48,1 tr/m²; Giá T1/24:: 50,1 tr/m²; Giá T2/24:: 48,9 tr/m²; Giá T3/24:: 50 tr/m²; Giá T4/24:: 57,2 tr/m²; Giá T5/24:: 55,8 tr/m²; Giá T6/24:: 53,2 tr/m²; Giá T7/24:: 58,8 tr/m²; Giá T8/24:: 61,2 tr/m²; Giá T9/24:: 60,8 tr/m²; Giá T10/24:: 61,9 tr/m²; : "
Xã Đông Hội,Đông Anh,Tập đoàn Vingroup,"62,5 m²",240 triệu/m²,Không có thông tin,Không có thông tin,Hợp đồng mua bán,Không nội thất,Không có thông tin,Không có thông tin,,Không có dữ liệu lịch sử giá
Phường Phú Thượng,Tây Hồ,CapitaLand Development (Việt Nam),93 m²,14 tỷ,2 phòng,Không có thông tin,Sổ đỏ,Full nội thất gắn tường cao cấp.,Không có thông tin,Không có thông tin,,"Giá T10/22:: 93,4 tr/m²; Giá T11/22:: 65 tr/m²; Giá T12/22:: 60 tr/m²; Giá T1/23:: 113,4 tr/m²; Giá T2/23:: 65 tr/m²; Giá T3/23:: 66,7 tr/m²; Giá T4/23:: 115,6 tr/m²; Giá T5/23:: 137,1 tr/m²; Giá T6/23:: 107,5 tr/m²; Giá T7/23:: 135,2 tr/m²; Giá T8/23:: 136,3 tr/m²; Giá T9/23:: 119,3 tr/m²; Giá T10/23:: 124,8 tr/m²; Giá T11/23:: 105,9 tr/m²; Giá T12/23:: 134,8 tr/m²; Giá T1/24:: 112,8 tr/m²; Giá T2/24:: 109,7 tr/m²; Giá T3/24:: 146,4 tr/m²; Giá T4/24:: 106,7 tr/m²; Giá T5/24:: 116,1 tr/m²; Giá T6/24:: 112,9 tr/m²; Giá T7/24:: 118,9 tr/m²; Giá T8/24:: 112,9 tr/m²; Giá T9/24:: 103,9 tr/m²; Giá T10/24:: 158,6 tr/m²; : "
Xã Đông Hội,Đông Anh,Tập đoàn Vingroup,34 m²,4 tỷ,1 phòng,1 phòng,Không có thông tin,Không có thông tin,Không có thông tin,Không có thông tin,,Không có dữ liệu lịch sử giá
Xã Dương Xá,Gia Lâm,Tập đoàn Vingroup,130 m²,32 tỷ,Không có thông tin,Không có thông tin,Sổ đỏ/ Sổ hồng,Full nội thất.,"9,1 m",Đông - Nam,Số tầng: 4 tầng,"Giá T10/22:: 215,3 tr/m²; Giá T11/22:: 200 tr/m²; Giá T12/22:: 177,8 tr/m²; Giá T1/23:: 175 tr/m²; Giá T2/23:: 165 tr/m²; Giá T3/23:: 160 tr/m²; Giá T4/23:: 164,3 tr/m²; Giá T5/23:: 159,7 tr/m²; Giá T6/23:: 160 tr/m²; Giá T7/23:: 160,7 tr/m²; Giá T8/23:: 166,7 tr/m²; Giá T9/23:: 184,3 tr/m²; Giá T10/23:: 188,6 tr/m²; Giá T11/23:: 188,5 tr/m²; Giá T12/23:: 180,6 tr/m²; Giá T1/24:: 185,7 tr/m²; Giá T2/24:: 196,6 tr/m²; Giá T3/24:: 190 tr/m²; Giá T4/24:: 198,7 tr/m²; Giá T5/24:: 198 tr/m²; Giá T6/24:: 200 tr/m²; Giá T7/24:: 204,8 tr/m²; Giá T8/24:: 205,6 tr/m²; Giá T9/24:: 216,7 tr/m²; Giá T10/24:: 228,8 tr/m²; : "
Xã Dương Xá,Gia Lâm,Tập đoàn Vingroup,288 m²,"60,8 tỷ",5 phòng,3 phòng,Sổ đỏ/ Sổ hồng,Không nội thất,16 m,Đông - Nam,Hướng ban công: Đông - Nam; Số tầng: 3 tầng,"Giá T10/22:: 215,3 tr/m²; Giá T11/22:: 200 tr/m²; Giá T12/22:: 177,8 tr/m²; Giá T1/23:: 175 tr/m²; Giá T2/23:: 165 tr/m²; Giá T3/23:: 160 tr/m²; Giá T4/23:: 164,3 tr/m²; Giá T5/23:: 159,7 tr/m²; Giá T6/23:: 160 tr/m²; Giá T7/23:: 160,7 tr/m²; Giá T8/23:: 166,7 tr/m²; Giá T9/23:: 184,3 tr/m²; Giá T10/23:: 188,6 tr/m²; Giá T11/23:: 188,5 tr/m²; Giá T12/23:: 180,6 tr/m²; Giá T1/24:: 185,7 tr/m²; Giá T2/24:: 196,6 tr/m²; Giá T3/24:: 190 tr/m²; Giá T4/24:: 198,7 tr/m²; Giá T5/24:: 198 tr/m²; Giá T6/24:: 200 tr/m²; Giá T7/24:: 204,8 tr/m²; Giá T8/24:: 205,6 tr/m²; Giá T9/24:: 216,7 tr/m²; Giá T10/24:: 228,8 tr/m²; : "
Phường Hoàng Liệt,Hoàng Mai,Công ty CP Tập đoàn Hưng Thịnh,66 m²,70 triệu/m²,2 phòng,2 phòng,Hợp đồng mua bán,Cơ bản,Không có thông tin,Đông - Nam,Hướng ban công: Tây - Bắc,"Giá T10/22:: 33,3 tr/m²; Giá T11/22:: 31,3 tr/m²; Giá T12/22:: 30 tr/m²; Giá T1/23:: 30 tr/m²; Giá T2/23:: 29,4 tr/m²; Giá T3/23:: 28 tr/m²; Giá T4/23:: 32 tr/m²; Giá T5/23:: 30,9 tr/m²; Giá T6/23:: 31,6 tr/m²; Giá T7/23:: 30,3 tr/m²; Giá T8/23:: 29,6 tr/m²; Giá T9/23:: 29,9 tr/m²; Giá T10/23:: 30 tr/m²; Giá T11/23:: 30,8 tr/m²; Giá T12/23:: 33,4 tr/m²; Giá T1/24:: 31 tr/m²; Giá T2/24:: 34,1 tr/m²; Giá T3/24:: 35 tr/m²; Giá T4/24:: 40 tr/m²; Giá T5/24:: 43,9 tr/m²; Giá T6/24:: 40 tr/m²; Giá T7/24:: 43,9 tr/m²; Giá T8/24:: 50,5 tr/m²; Giá T9/24:: 54,9 tr/m²; Giá T10/24:: 62 tr/m²; : "
Xã Đông Hội,Đông Anh,Tập đoàn Vingroup,"62,5 m²",14 tỷ,5 phòng,5 phòng,Hợp đồng mua bán,Không nội thất,5 m,Đông - Nam,Hướng ban công: Đông - Nam; Số tầng: 5 tầng,Không có dữ liệu lịch sử giá
Xã Đông Hội,Đông Anh,Tập đoàn Vingroup,75 m²,"18,5 tỷ",Không có thông tin,Không có thông tin,Không có thông tin,Không có thông tin,Không có thông tin,Không có thông tin,,Không có dữ liệu lịch sử giá
Phường Ngọc Thụy,Long Biên,Đang cập nhật,100 m²,"6,1 tỷ",3 phòng,2 phòng,Hợp đồng mua bán,Cơ bản,Không có thông tin,Đông - Nam,Hướng ban công: Đông - Nam,"Giá T10/22:: 44,5 tr/m²; Giá T11/22:: 46,5 tr/m²; Giá T12/22:: 46,3 tr/m²; Giá T1/23:: 42 tr/m²; Giá T2/23:: 39,2 tr/m²; Giá T3/23:: 40 tr/m²; Giá T4/23:: 38 tr/m²; Giá T5/23:: 38,6 tr/m²; Giá T6/23:: 40 tr/m²; Giá T7/23:: 40 tr/m²; Giá T8/23:: 38,6 tr/m²; Giá T9/23:: 39,2 tr/m²; Giá T10/23:: 38,7 tr/m²; Giá T11/23:: 38 tr/m²; Giá T12/23:: 38,8 tr/m²; Giá T1/24:: 45,4 tr/m²; Giá T2/24:: 48,5 tr/m²; Giá T3/24:: 52 tr/m²; Giá T4/24:: 51,3 tr/m²; Giá T5/24:: 52,5 tr/m²; Giá T6/24:: 51,4 tr/m²; Giá T7/24:: 51,5 tr/m²; Giá T8/24:: 58,2 tr/m²; Giá T9/24:: 56,9 tr/m²; Giá T10/24:: 60,2 tr/m²; : "
Phường Phú Thượng,Tây Hồ,Công ty TNHH Đầu tư C.T.L,93 m²,"7,9 tỷ",2 phòng,2 phòng,Sổ đỏ/ Sổ hồng,Đầy đủ nội thất cao cấp.,Không có thông tin,Đông,Hướng ban công: Tây,"Giá T11/22:: 53,3 tr/m²; Giá T12/22:: 63,1 tr/m²; Giá T1/23:: 69,6 tr/m²; Giá T2/23:: 64,4 tr/m²; Giá T3/23:: 67,9 tr/m²; Giá T3/23:: 67,9 tr/m²; Giá T4/23:: 70,5 tr/m²; Giá T5/23:: 65,6 tr/m²; Giá T6/23:: 63,5 tr/m²; Giá T7/23:: 63,2 tr/m²; Giá T8/23:: 63,2 tr/m²; Giá T9/23:: 63 tr/m²; Giá T10/23:: 63,8 tr/m²; Giá T11/23:: 65,8 tr/m²; Giá T12/23:: 69,6 tr/m²; Giá T1/24:: 69,3 tr/m²; Giá T2/24:: 65,8 tr/m²; Giá T3/24:: 69 tr/m²; Giá T4/24:: 74,5 tr/m²; Giá T5/24:: 71,4 tr/m²; Giá T6/24:: 76,6 tr/m²; Giá T7/24:: 84,9 tr/m²; Giá T8/24:: 79,8 tr/m²; Giá T9/24:: 81,2 tr/m²; Giá T10/24:: 82,8 tr/m²; : "
Phường Xuân La,Tây Hồ,Công ty TNHH Phát triển T.H.T,"239,7 m²",Thỏa thuận,Không có thông tin,Không có thông tin,Sổ đỏ/ Sổ hồng,Không có thông tin,12 m,Đông - Nam,Đường vào: 20 m; Hướng ban công: Tây - Nam; Số tầng: 3 tầng,"Giá T10/22:: 356,1 tr/m²; Giá T11/22:: 339,9 tr/m²; Giá T12/22:: 380 tr/m²; Giá T1/23:: 352,4 tr/m²; Giá T2/23:: 388,5 tr/m²; Giá T3/23:: 376,2 tr/m²; Giá T4/23:: 376,6 tr/m²; Giá T5/23:: 387,9 tr/m²; Giá T6/23:: 374,2 tr/m²; Giá T7/23:: 377,8 tr/m²; Giá T8/23:: 377,9 tr/m²; Giá T9/23:: 378 tr/m²; Giá T10/23:: 358,5 tr/m²; Giá T11/23:: 369,6 tr/m²; Giá T12/23:: 375,4 tr/m²; Giá T1/24:: 379,1 tr/m²; Giá T2/24:: 388,3 tr/m²; Giá T3/24:: 385,9 tr/m²; Giá T4/24:: 400 tr/m²; Giá T5/24:: 387,9 tr/m²; Giá T6/24:: 390 tr/m²; Giá T7/24:: 389,8 tr/m²; Giá T8/24:: 400 tr/m²; Giá T9/24:: 400 tr/m²; Giá T10/24:: 455,4 tr/m²; : "
Xã Dương Xá,Gia Lâm,Tập đoàn Vingroup,328 m²,92 tỷ,Không có thông tin,Không có thông tin,Sổ đỏ/ Sổ hồng,Không có thông tin,Không có thông tin,Đông - Nam,,"Giá T10/22:: 215,3 tr/m²; Giá T11/22:: 200 tr/m²; Giá T12/22:: 177,8 tr/m²; Giá T1/23:: 175 tr/m²; Giá T2/23:: 165 tr/m²; Giá T3/23:: 160 tr/m²; Giá T4/23:: 164,3 tr/m²; Giá T5/23:: 159,7 tr/m²; Giá T6/23:: 160 tr/m²; Giá T7/23:: 160,7 tr/m²; Giá T8/23:: 166,7 tr/m²; Giá T9/23:: 184,3 tr/m²; Giá T10/23:: 188,6 tr/m²; Giá T11/23:: 188,5 tr/m²; Giá T12/23:: 180,6 tr/m²; Giá T1/24:: 185,7 tr/m²; Giá T2/24:: 196,6 tr/m²; Giá T3/24:: 190 tr/m²; Giá T4/24:: 198,7 tr/m²; Giá T5/24:: 198 tr/m²; Giá T6/24:: 200 tr/m²; Giá T7/24:: 204,8 tr/m²; Giá T8/24:: 205,6 tr/m²; Giá T9/24:: 216,7 tr/m²; Giá T10/24:: 228,8 tr/m²; : "
Phường Láng Hạ,Đống Đa,Đang cập nhật,86 m²,Thỏa thuận,2 phòng,2 phòng,Sổ đỏ/ Sổ hồng,Đầy đủ,Không có thông tin,Tây - Nam,Hướng ban công: Đông - Bắc,"Giá T10/22:: 80 tr/m²; Giá T11/22:: 80 tr/m²; Giá T12/22:: 80 tr/m²; Giá T1/23:: 80,2 tr/m²; Giá T2/23:: 80 tr/m²; Giá T3/23:: 80,6 tr/m²; Giá T4/23:: 79 tr/m²; Giá T5/23:: 80 tr/m²; Giá T6/23:: 80 tr/m²; Giá T7/23:: 81 tr/m²; Giá T8/23:: 81 tr/m²; Giá T9/23:: 80,9 tr/m²; Giá T10/23:: 82,5 tr/m²; Giá T11/23:: 84,7 tr/m²; Giá T12/23:: 82,8 tr/m²; Giá T1/24:: 81,7 tr/m²; Giá T2/24:: 80,4 tr/m²; Giá T3/24:: 84,2 tr/m²; Giá T4/24:: 87,6 tr/m²; Giá T5/24:: 96,5 tr/m²; Giá T6/24:: 97,8 tr/m²; Giá T7/24:: 98,7 tr/m²; Giá T8/24:: 102,8 tr/m²; Giá T9/24:: 105,9 tr/m²; Giá T10/24:: 106,6 tr/m²; : "
Phường Dương Nội,Hà Đông,Công ty CP Xuất nhập khẩu tổng hợp Hà Nội - Geleximco,60 m²,"12,5 tỷ",Không có thông tin,Không có thông tin,Sổ đỏ/ Sổ hồng,Đầy đủ,4 m,Tây - Bắc,,"Giá T10/22:: 101,2 tr/m²; Giá T11/22:: 108,3 tr/m²; Giá T12/22:: 107,5 tr/m²; Giá T1/23:: 91,9 tr/m²; Giá T2/23:: 100 tr/m²; Giá T3/23:: 100 tr/m²; Giá T4/23:: 102,5 tr/m²; Giá T5/23:: 97,4 tr/m²; Giá T6/23:: 98,7 tr/m²; Giá T7/23:: 100 tr/m²; Giá T8/23:: 108,2 tr/m²; Giá T9/23:: 107,1 tr/m²; Giá T10/23:: 109,2 tr/m²; Giá T11/23:: 116,7 tr/m²; Giá T12/23:: 125 tr/m²; Giá T1/24:: 126,7 tr/m²; Giá T2/24:: 132,5 tr/m²; Giá T3/24:: 144,9 tr/m²; Giá T4/24:: 151,4 tr/m²; Giá T5/24:: 154,4 tr/m²; Giá T6/24:: 165,3 tr/m²; Giá T7/24:: 168,8 tr/m²; Giá T8/24:: 176,3 tr/m²; Giá T9/24:: 203,3 tr/m²; Giá T10/24:: 203,8 tr/m²; : "
Phường Dương Nội,Hà Đông,Công ty CP Xuất nhập khẩu tổng hợp Hà Nội - Geleximco,60 m²,"12,5 tỷ",Không có thông tin,Không có thông tin,Sổ đỏ/ Sổ hồng,Đầy đủ,4 m,Tây - Bắc,,"Giá T10/22:: 101,2 tr/m²; Giá T11/22:: 108,3 tr/m²; Giá T12/22:: 107,5 tr/m²; Giá T1/23:: 91,9 tr/m²; Giá T2/23:: 100 tr/m²; Giá T3/23:: 100 tr/m²; Giá T4/23:: 102,5 tr/m²; Giá T5/23:: 97,4 tr/m²; Giá T6/23:: 98,7 tr/m²; Giá T7/23:: 100 tr/m²; Giá T8/23:: 108,2 tr/m²; Giá T9/23:: 107,1 tr/m²; Giá T10/23:: 109,2 tr/m²; Giá T11/23:: 116,7 tr/m²; Giá T12/23:: 125 tr/m²; Giá T1/24:: 126,7 tr/m²; Giá T2/24:: 132,5 tr/m²; Giá T3/24:: 144,9 tr/m²; Giá T4/24:: 151,4 tr/m²; Giá T5/24:: 154,4 tr/m²; Giá T6/24:: 165,3 tr/m²; Giá T7/24:: 168,8 tr/m²; Giá T8/24:: 176,3 tr/m²; Giá T9/24:: 203,3 tr/m²; Giá T10/24:: 203,8 tr/m²; : "
Phường Phú Diễn,Bắc Từ Liêm,Công ty TNHH Thương mại - Quảng cáo - Xây dựng - Địa ốc Việt Hân,104 m²,"5,8 tỷ",3 phòng,2 phòng,Sổ đỏ/ Sổ hồng,Không có thông tin,Không có thông tin,Tây,Hướng ban công: Đông,"Giá T10/22:: 37,4 tr/m²; Giá T11/22:: 37,2 tr/m²; Giá T12/22:: 37,2 tr/m²; Giá T1/23:: 35,7 tr/m²; Giá T2/23:: 35,9 tr/m²; Giá T3/23:: 36,2 tr/m²; Giá T4/23:: 37,3 tr/m²; Giá T5/23:: 37 tr/m²; Giá T6/23:: 36,9 tr/m²; Giá T7/23:: 37,2 tr/m²; Giá T8/23:: 38,2 tr/m²; Giá T9/23:: 39,4 tr/m²; Giá T10/23:: 40,4 tr/m²; Giá T11/23:: 42,9 tr/m²; Giá T12/23:: 43 tr/m²; Giá T1/24:: 44,1 tr/m²; Giá T2/24:: 44,9 tr/m²; Giá T3/24:: 49,1 tr/m²; Giá T4/24:: 50 tr/m²; Giá T5/24:: 50 tr/m²; Giá T6/24:: 50 tr/m²; Giá T7/24:: 52,6 tr/m²; Giá T8/24:: 57,4 tr/m²; Giá T9/24:: 60,6 tr/m²; Giá T10/24:: 63,7 tr/m²; : "
Phường Tây Mỗ,Nam Từ Liêm,Tập đoàn Vingroup,"63,4 m²","3,8 tỷ",2 phòng,Không có thông tin,Sổ đỏ/ Sổ hồng.,Đầy đủ.,Không có thông tin,Không có thông tin,,Không có dữ liệu lịch sử giá
Phường Tây Mỗ,Nam Từ Liêm,Masterise Homes,"41,9 m²","2,9 tỷ",1 phòng,Không có thông tin,HĐMB,Không có thông tin,Không có thông tin,Không có thông tin,,"Giá T10/22:: 55 tr/m²; Giá T11/22:: 56,3 tr/m²; Giá T12/22:: 53,7 tr/m²; Giá T1/23:: 58,2 tr/m²; Giá T2/23:: 53,6 tr/m²; Giá T3/23:: 52,4 tr/m²; Giá T4/23:: 53,4 tr/m²; Giá T5/23:: 57,1 tr/m²; Giá T6/23:: 53,7 tr/m²; Giá T7/23:: 55,4 tr/m²; Giá T8/23:: 53,2 tr/m²; Giá T9/23:: 57,1 tr/m²; Giá T10/23:: 59 tr/m²; Giá T11/23:: 60 tr/m²; Giá T12/23:: 62,4 tr/m²; Giá T1/24:: 65 tr/m²; Giá T2/24:: 66,1 tr/m²; Giá T3/24:: 67,1 tr/m²; Giá T4/24:: 67,8 tr/m²; Giá T5/24:: 67,9 tr/m²; Giá T6/24:: 69,4 tr/m²; Giá T7/24:: 70,2 tr/m²; Giá T8/24:: 73 tr/m²; Giá T9/24:: 73,4 tr/m²; Giá T10/24:: 73,6 tr/m²; : "
Phường Tây Mỗ,Nam Từ Liêm,Tập đoàn MIK Corporation,"63,9 m²","3,85 tỷ",2 phòng,2 phòng,Sổ đỏ/ Sổ hồng,Đầy đủ,Không có thông tin,Tây - Bắc,Hướng ban công: Đông - Nam,"Giá T10/22:: 48,2 tr/m²; Giá T11/22:: 46,2 tr/m²; Giá T12/22:: 45 tr/m²; Giá T1/23:: 46,5 tr/m²; Giá T2/23:: 48 tr/m²; Giá T3/23:: 44,6 tr/m²; Giá T4/23:: 43,6 tr/m²; Giá T5/23:: 46,1 tr/m²; Giá T6/23:: 44,6 tr/m²; Giá T7/23:: 45,3 tr/m²; Giá T8/23:: 45,3 tr/m²; Giá T9/23:: 46,6 tr/m²; Giá T10/23:: 47,5 tr/m²; Giá T11/23:: 50,3 tr/m²; Giá T12/23:: 51,8 tr/m²; Giá T1/24:: 53,1 tr/m²; Giá T2/24:: 55,1 tr/m²; Giá T3/24:: 57 tr/m²; Giá T4/24:: 58,2 tr/m²; Giá T5/24:: 58,4 tr/m²; Giá T6/24:: 60,4 tr/m²; Giá T7/24:: 62,5 tr/m²; Giá T8/24:: 63,8 tr/m²; Giá T9/24:: 67,3 tr/m²; Giá T10/24:: 68,2 tr/m²; : "
Phường Tây Mỗ,Nam Từ Liêm,Tập đoàn MIK Corporation,"63,9 m²","3,5 tỷ",2 phòng,2 phòng,Sổ đỏ/ Sổ hồng.,Đầy đủ.,Không có thông tin,Tây - Nam,Hướng ban công: Đông - Bắc,"Giá T10/22:: 48,2 tr/m²; Giá T11/22:: 46,2 tr/m²; Giá T12/22:: 45 tr/m²; Giá T1/23:: 46,5 tr/m²; Giá T2/23:: 48 tr/m²; Giá T3/23:: 44,6 tr/m²; Giá T4/23:: 43,6 tr/m²; Giá T5/23:: 46,1 tr/m²; Giá T6/23:: 44,6 tr/m²; Giá T7/23:: 45,3 tr/m²; Giá T8/23:: 45,3 tr/m²; Giá T9/23:: 46,6 tr/m²; Giá T10/23:: 47,5 tr/m²; Giá T11/23:: 50,3 tr/m²; Giá T12/23:: 51,8 tr/m²; Giá T1/24:: 53,1 tr/m²; Giá T2/24:: 55,1 tr/m²; Giá T3/24:: 57 tr/m²; Giá T4/24:: 58,2 tr/m²; Giá T5/24:: 58,4 tr/m²; Giá T6/24:: 60,4 tr/m²; Giá T7/24:: 62,5 tr/m²; Giá T8/24:: 63,8 tr/m²; Giá T9/24:: 67,3 tr/m²; Giá T10/24:: 68,2 tr/m²; : "
Phường Tây Mỗ,Nam Từ Liêm,Tập đoàn Vingroup,"74,9 m²","4,25 tỷ",3 phòng,2 phòng,Sổ đỏ/ Sổ hồng,Đầy đủ,Không có thông tin,Tây - Nam,Hướng ban công: Đông - Bắc,Không có dữ liệu lịch sử giá
